seq_num,delay_ms
0,38.9185
1,40.3728
2,39.8457
3,41.4668
4,38.4397
5,37.6999
6,40.2051
7,41.2848
8,40.3862
9,41.5916
10,37.7838
11,40.8325
12,41.7583
13,38.7842
14,40.1826
15,43.07
16,39.2452
17,43.6104
18,41.8555
19,37.1767
20,40.139
21,41.7817
22,37.8514
23,40.3244
24,37.3667
25,41.293
26,36.9509
27,38.9558
28,41.6363
29,40.1946
30,38.7685
31,38.4083
32,42.54
33,36.7561
34,37.2614
35,42.0143
36,38.6608
37,35.5756
38,40.3222
39,39.0786
40,39.7686
41,43.6499
42,38.9236
43,39.9081
44,38.7788
45,41.315
46,43.8018
47,40.8496
48,41.9565
49,41.807
50,39.7292
51,40.0872
52,38.0378
53,38.0683
54,38.3184
55,37.9756
56,41.9962
57,38.4189
58,38.3533
59,41.2213
60,38.6336
61,36.3661
62,36.3966
63,36.9808
64,39.3775
65,42.2911
66,39.3455
67,42.5488
68,39.5622
69,39.6063
70,37.9924
71,43.2753
72,35.9624
73,39.3213
74,37.0618
75,39.4959
76,41.5458
77,40.9946
78,43.0118
79,37.7157
80,38.6552
81,43.4215
82,42.8437
83,35.0616
84,38.5671
85,40.5499
86,40.6266
87,39.6333
88,37.3808
89,43.6208
90,37.0528
91,38.4247
92,39.2377
93,35.7798
94,38.7383
95,38.937
96,39.3053
97,36.077
98,41.5958
99,43.2244
100,39.9331
101,40.0861
102,42.0071
103,38.3172
104,40.2914
105,41.4534
106,39.3164
107,38.4159
108,43.3939
109,40.6199
110,39.6107
111,40.2203
112,42.2758
113,38.6369
114,41.0406
115,41.6271
116,37.4047
117,37.8705
118,36.7164
119,38.1067
120,39.5877
121,41.5903
122,39.2424
123,41.8634
124,35.8594
125,36.995
126,40.6805
127,44.1592
128,38.85
129,40.5008
130,45.2916
131,40.3385
132,37.6379
133,42.7973
134,39.3347
135,39.4013
136,36.381
137,40.3042
138,38.4419
139,39.1941
140,39.4738
141,37.7568
142,37.2072
143,39.9827
144,39.5555
145,37.8076
146,44.6261
147,42.755
148,40.3803
149,41.7005
150,40.3779
151,43.4647
152,39.9976
153,38.4878
154,41.3508
155,39.4988
156,40.9795
157,40.4395
158,38.3839
159,37.1954
160,38.3384
161,37.3885
162,37.8081
163,39.6644
164,34.8363
165,39.1973
166,38.8109
167,43.3342
168,40.5875
169,38.1546
170,40.6739
171,40.9295
172,39.0446
173,39.6779
174,39.847
175,39.6789
176,38.0836
177,40.4169
178,38.2532
179,39.4307
180,38.6037
181,40.8402
182,35.9838
183,40.4798
184,40.1719
185,41.1663
186,35.9959
187,41.3961
188,40.6201
189,41.2972
190,41.1597
191,42.8303
192,40.9699
193,40.267
194,37.4227
195,39.166
196,41.6588
197,38.4496
198,37.9316
199,40.5284
200,40.6349
201,37.184
202,41.5661
203,42.4701
204,40.511
205,42.4057
206,38.2899
207,39.8338
208,37.0806
209,41.2151
210,44.5198
211,39.65
212,40.1411
213,35.6015
214,40.5435
215,36.9712
216,43.1409
217,42.4227
218,40.5645
219,38.916
220,40.0769
221,39.6186
222,41.7832
223,37.9507
224,38.9091
225,38.9214
226,41.8521
227,40.7112
228,40.4782
229,40.5461
230,36.9011
231,43.6559
232,41.8438
233,40.364
234,41.0764
235,38.9809
236,37.0604
237,36.9661
238,41.4273
239,37.5448
240,43.3367
241,41.3567
242,39.9071
243,39.4358
244,38.5798
245,41.8927
246,39.4209
247,40.86
248,37.049
249,41.4198
250,40.8178
251,43.2472
252,41.2615
253,39.2549
254,39.4478
255,39.5793
256,38.4092
257,41.4384
258,42.1146
259,40.2234
260,40.42
261,39.244
262,41.0088
263,38.7868
264,38.5795
265,40.7111
266,43.7704
267,43.1518
268,39.7162
269,40.5172
270,40.5852
271,41.8584
272,39.3839
273,41.7209
274,40.4224
275,39.1188
276,39.7197
277,38.6251
278,40.2548
279,37.039
280,41.0959
281,43.8097
282,42.9329
283,39.3214
284,40.4036
285,42.7656
286,39.2839
287,38.9896
288,37.7915
289,41.6398
290,36.5144
291,39.3858
292,40.5221
293,40.0011
294,42.4007
295,40.9396
296,38.1134
297,40.7268
298,39.8934
299,39.0075
300,44.4591
301,45.3746
302,39.4123
303,43.3094
304,39.857
305,40.7272
306,42.27
307,41.6055
308,41.1394
309,37.2112
310,39.495
311,40.255
312,38.2952
313,41.5514
314,38.8252
315,37.2535
316,37.3201
317,41.5386
318,37.0605
319,39.9258
320,38.8607
321,40.8204
322,39.9285
323,41.8706
324,36.2729
325,40.3392
326,41.7072
327,36.174
328,38.6431
329,39.2498
330,38.155
331,38.5072
332,40.8813
333,43.6502
334,40.7553
335,42.1569
336,40.2254
337,39.8208
338,41.0131
339,39.5828
340,42.8257
341,39.4379
342,40.3969
343,41.6159
344,39.3949
345,39.261
346,42.4138
347,42.4829
348,38.938
349,38.2257
350,41.4142
351,39.7315
352,39.5033
353,39.3127
354,39.7099
355,41.0603
356,42.8213
357,42.0795
358,39.1187
359,42.8684
360,40.7407
361,38.4028
362,40.4101
363,42.0966
364,41.4412
365,40.6547
366,38.9119
367,39.4888
368,42.215
369,39.0065
370,39.6538
371,34.8979
372,40.386
373,40.0879
374,41.506
375,39.3057
376,39.7051
377,41.436
378,42.2771
379,36.45
380,39.754
381,39.6627
382,43.0315
383,39.4095
384,43.6507
385,38.861
386,40.1624
387,36.876
388,37.4414
389,40.3237
390,39.8157
391,39.9921
392,40.7845
393,40.5293
394,42.0228
395,39.9736
396,41.3336
397,41.3561
398,41.0303
399,41.9287
400,41.1944
401,39.6048
402,39.4408
403,38.9438
404,41.2968
405,44.5004
406,38.3066
407,40.3873
408,40.5844
409,39.1185
410,40.674
411,41.5502
412,44.404
413,42.5898
414,39.6857
415,42.13
416,41.1858
417,41.4692
418,38.0538
419,38.1388
420,40.2662
421,40.3108
422,39.2709
423,42.3196
424,39.0336
425,40.2964
426,39.771
427,39.0236
428,41.3189
429,38.5786
430,39.9002
431,40.6912
432,36.8925
433,40.3746
434,37.1491
435,40.0699
436,39.1552
437,41.1252
438,42.8178
439,38.9783
440,38.656
441,41.0247
442,39.8999
443,42.3725
444,39.7027
445,40.1193
446,41.668
447,43.6976
448,40.808
449,40.6358
450,39.4488
451,40.1086
452,38.4948
453,42.0472
454,40.9487
455,39.226
456,40.9283
457,40.828
458,39.4352
459,38.3322
460,42.3281
461,40.8012
462,42.9817
463,39.2057
464,41.811
465,38.4176
466,41.4177
467,40.3482
468,40.6414
469,42.1715
470,40.1975
471,42.3152
472,41.9891
473,39.1057
474,40.2753
475,38.0011
476,40.0586
477,37.2566
478,37.4181
479,40.0725
480,40.6187
481,41.1153
482,37.6226
483,42.121
484,39.3415
485,40.6386
486,40.0069
487,44.5231
488,40.4678
489,40.9031
490,39.2952
491,37.4715
492,42.9479
493,41.3565
494,36.988
495,39.7473
496,44.4759
497,41.5565
498,39.039
499,42.4432
500,40.839
501,35.2589
502,35.5551
503,37.9557
504,44.2731
505,44.4221
506,37.905
507,38.1275
508,42.8914
509,43.0672
510,42.4333
511,40.5794
512,34.9346
513,36.7555
514,39.3997
515,35.8437
516,40.588
517,39.5903
518,43.8389
519,40.8891
520,43.1468
521,40.1542
522,37.6244
523,36.9331
524,40.3121
525,37.6648
526,40.3171
527,43.3665
528,42.0079
529,41.0584
530,39.1599
531,35.988
532,41.3276
533,40.133
534,39.377
535,39.2043
536,40.4299
537,39.4413
538,40.4108
539,35.9631
540,39.5642
541,39.571
542,40.5641
543,39.1071
544,38.1407
545,40.3507
546,38.895
547,37.9555
548,38.8005
549,42.5341
550,42.0076
551,42.538
552,39.9769
553,43.9238
554,39.4374
555,41.3877
556,38.0975
557,39.7546
558,39.6967
559,40.305
560,41.2007
561,38.8675
562,38.2225
563,40.361
564,41.1542
565,38.8243
566,42.1927
567,40.0268
568,40.6879
569,38.6138
570,40.1231
571,41.1776
572,37.883
573,42.5203
574,39.9422
575,38.7051
576,36.6992
577,36.0347
578,34.427
579,38.403
580,39.081
581,38.3612
582,41.5116
583,39.7165
584,36.1512
585,42.991
586,39.7633
587,39.0368
588,38.6684
589,40.2128
590,36.1379
591,38.7225
592,41.0455
593,37.4312
594,44.5832
595,39.4401
596,40.3706
597,39.7635
598,41.9025
599,39.1131
600,39.9895
601,39.168
602,38.4146
603,36.2367
604,38.7587
605,41.8636
606,40.3487
607,43.0568
608,40.9006
609,40.4048
610,40.3167
611,40.7839
612,43.695
613,37.6877
614,40.433
615,43.2955
616,42.502
617,42.6583
618,43.2362
619,38.2071
620,41.2231
621,39.3654
622,38.5367
623,37.4177
624,39.9311
625,38.1719
626,42.89
627,40.404
628,37.2415
629,38.0477
630,36.9249
631,41.176
632,37.6973
633,39.6912
634,40.4532
635,38.6082
636,39.7964
637,38.6948
638,42.9075
639,40.6368
640,42.4971
641,39.4359
642,42.5536
643,38.7214
644,35.44
645,39.8355
646,39.6946
647,39.6787
648,40.9128
649,40.5334
650,38.4997
651,40.3517
652,41.2608
653,40.0131
654,42.7757
655,40.3115
656,39.988
657,37.7092
658,38.782
659,39.1812
660,40.265
661,41.4598
662,39.3284
663,38.6482
664,40.4454
665,40.5055
666,40.9399
667,38.4836
668,42.739
669,41.8334
670,40.3685
671,39.6088
672,40.7599
673,39.6183
674,40.3138
675,38.9425
676,37.5347
677,38.0963
678,40.8231
679,37.4889
680,39.2025
681,42.1494
682,36.3665
683,40.7239
684,37.3204
685,43.9764
686,38.8032
687,40.8582
688,42.969
689,41.5759
690,35.7377
691,39.06
692,38.8314
693,38.1757
694,40.228
695,38.8566
696,40.0379
697,39.2421
698,38.6234
699,41.8505
700,39.6589
701,41.1121
702,39.583
703,39.169
704,37.6325
705,40.9622
706,38.7982
707,39.883
708,40.7353
709,38.2616
710,41.792
711,39.5045
712,37.9769
713,38.8715
714,39.7952
715,44.9206
716,42.0353
717,41.9322
718,38.9998
719,38.6735
720,42.4774
721,41.5772
722,38.3414
723,38.3687
724,41.7296
725,38.9376
726,36.9515
727,42.9712
728,38.8647
729,36.7664
730,41.2237
731,43.3415
732,40.4983
733,40.2651
734,39.0081
735,40.8547
736,40.0222
737,39.9857
738,40.7043
739,39.8776
740,43.9627
741,39.1121
742,39.7816
743,39.5373
744,42.1286
745,40.5056
746,37.9198
747,39.0171
748,39.1595
749,37.7916
750,35.8524
751,40.3052
752,39.4723
753,39.9224
754,40.6361
755,39.5847
756,41.7612
757,40.8117
758,40.0855
759,44.4458
760,42.4025
761,46.142
762,41.8389
763,36.9007
764,38.2148
765,42.9912
766,39.7043
767,40.4455
768,39.0294
769,39.0212
770,40.1017
771,42.6919
772,42.1812
773,42.9329
774,40.4568
775,39.1608
776,38.0711
777,41.6488
778,42.4073
779,43.3579
780,39.2135
781,39.5327
782,38.1972
783,36.3854
784,40.0788
785,42.3651
786,37.5466
787,39.432
788,37.0785
789,38.5389
790,38.9695
791,39.7329
792,40.8651
793,41.7488
794,39.691
795,37.5646
796,42.2607
797,35.3524
798,40.1235
799,38.3277
800,34.8842
801,41.0734
802,39.0902
803,38.0076
804,38.9146
805,36.4719
806,39.055
807,40.0304
808,41.0971
809,38.2656
810,41.6724
811,40.6343
812,37.9369
813,40.4215
814,40.5692
815,40.9881
816,43.0463
817,37.3607
818,38.2443
819,42.1698
820,40.6499
821,40.7165
822,36.0348
823,38.079
824,39.42
825,40.9738
826,38.6825
827,39.4848
828,40.2401
829,40.8285
830,38.6868
831,40.2264
832,40.4502
833,41.1867
834,43.3232
835,40.5755
836,45.1282
837,41.1028
838,39.2027
839,39.0782
840,41.6687
841,38.3856
842,40.2349
843,39.4708
844,41.9179
845,38.9966
846,39.2047
847,37.3489
848,39.6874
849,38.826
850,42.0654
851,39.6565
852,39.5997
853,43.7346
854,36.6509
855,40.6266
856,39.2662
857,39.9239
858,40.2356
859,40.0143
860,40.9826
861,41.5429
862,37.9834
863,41.1929
864,39.4187
865,39.4616
866,40.3837
867,39.339
868,39.0359
869,42.4241
870,41.8289
871,42.7865
872,42.1618
873,36.5247
874,38.4562
875,44.84
876,37.6939
877,37.0927
878,42.8269
879,41.8923
880,40.8413
881,43.1333
882,38.132
883,36.1964
884,38.9745
885,41.6179
886,41.3958
887,40.8716
888,41.2863
889,43.2557
890,39.1837
891,39.2422
892,38.9957
893,40.8421
894,41.9934
895,42.587
896,38.5524
897,41.5087
898,40.0265
899,38.6845
900,42.9247
901,40.8377
902,39.3349
903,37.38
904,40.8154
905,38.8547
906,41.6122
907,38.1313
908,39.1515
909,36.1708
910,43.1556
911,37.8554
912,36.7767
913,39.2664
914,38.8802
915,40.438
916,38.7004
917,38.9447
918,36.4891
919,41.2526
920,40.8816
921,43.3969
922,38.7241
923,38.6029
924,43.8586
925,36.108
926,41.5519
927,39.3697
928,40.015
929,41.4022
930,39.1103
931,35.9121
932,39.0534
933,39.8913
934,38.4178
935,39.4611
936,40.1442
937,38.8495
938,40.6915
939,40.9971
940,41.2716
941,41.7313
942,38.1326
943,38.707
944,43.6867
945,40.8688
946,39.3576
947,41.2792
948,38.381
949,41.193
950,41.718
951,43.7997
952,44.3751
953,40.2442
954,43.0238
955,40.2195
956,39.0171
957,42.5212
958,35.7941
959,41.2241
960,38.0898
961,39.5463
962,42.8164
963,35.3783
964,41.9259
965,42.0245
966,39.5358
967,39.4025
968,39.1993
969,38.9239
970,40.506
971,42.4241
972,39.0384
973,38.9048
974,39.9304
975,41.8248
976,37.166
977,39.8813
978,43.3646
979,43.4994
980,42.5755
981,41.6942
982,37.9793
983,40.9177
984,40.2532
985,42.3582
986,39.426
987,41.111
988,39.2169
989,42.8227
990,37.5897
991,42.2138
992,36.6432
993,34.9071
994,39.3492
995,40.1551
996,37.357
997,41.2665
998,38.2904
999,40.3937
1000,40.1404
1001,41.105
1002,40.3091
1003,40.1758
1004,39.298
1005,39.5945
1006,40.9016
1007,37.5335
1008,41.0201
1009,39.9713
1010,41.7776
1011,40.7528
1012,39.181
1013,40.4498
1014,37.8838
1015,41.9
1016,39.8673
1017,37.0074
1018,37.6695
1019,42.6778
1020,39.3817
1021,43.8801
1022,40.1376
1023,40.7201
1024,39.1181
1025,40.8187
1026,40.3828
1027,41.0206
1028,38.5663
1029,39.8969
1030,41.4594
1031,41.9803
1032,42.233
1033,41.7505
1034,37.7116
1035,39.4827
1036,39.1836
1037,37.4832
1038,38.7921
1039,39.7791
1040,39.5857
1041,41.0056
1042,39.6563
1043,41.0598
1044,39.6367
1045,40.2109
1046,41.5384
1047,38.5634
1048,36.8762
1049,40.2311
1050,36.8942
1051,38.6133
1052,39.6993
1053,39.3051
1054,44.0055
1055,43.4219
1056,38.6398
1057,41.8545
1058,36.3684
1059,40.7963
1060,36.2772
1061,40.6406
1062,40.0741
1063,39.0458
1064,41.3532
1065,40.813
1066,36.7746
1067,39.6361
1068,40.6779
1069,40.0545
1070,40.2095
1071,40.1253
1072,41.3125
1073,42.1499
1074,43.8294
1075,39.3111
1076,41.1537
1077,43.9307
1078,40.3449
1079,39.7271
1080,36.6996
1081,39.2816
1082,38.4875
1083,41.9671
1084,41.2997
1085,46.7948
1086,38.6421
1087,39.6628
1088,40.3721
1089,38.6443
1090,38.6513
1091,39.5692
1092,39.006
1093,43.5784
1094,39.9057
1095,38.8446
1096,38.4324
1097,38.2527
1098,42.6715
1099,38.2819
1100,39.9615
1101,39.3369
1102,39.1394
1103,37.5312
1104,39.1452
1105,36.873
1106,42.6987
1107,38.3232
1108,42.0503
1109,41.7446
1110,37.9282
1111,38.552
1112,40.9563
1113,37.5359
1114,38.899
1115,43.7468
1116,43.9084
1117,40.1747
1118,33.857
1119,42.6204
1120,38.9167
1121,40.19
1122,40.5908
1123,44.0623
1124,39.2002
1125,38.0644
1126,40.721
1127,41.1509
1128,41.1699
1129,36.8365
1130,38.0492
1131,42.1774
1132,40.0526
1133,41.1177
1134,38.3285
1135,39.1952
1136,42.3514
1137,39.3264
1138,43.2034
1139,41.299
1140,40.4809
1141,42.2783
1142,41.615
1143,42.6267
1144,41.8646
1145,39.6895
1146,43.1921
1147,41.1893
1148,38.8229
1149,41.3534
1150,40.3023
1151,42.3285
1152,40.6071
1153,39.3076
1154,39.6413
1155,39.1446
1156,41.9528
1157,44.7117
1158,40.8946
1159,38.6996
1160,38.9295
1161,38.2058
1162,40.6389
1163,38.4223
1164,42.351
1165,40.9749
1166,38.3197
1167,39.9226
1168,43.0464
1169,43.4312
1170,40.0683
1171,38.303
1172,40.7463
1173,43.3733
1174,40.7536
1175,38.8547
1176,41.7428
1177,37.5259
1178,45.3229
1179,39.3951
1180,41.9178
1181,44.3392
1182,42.2267
1183,35.8528
1184,41.5836
1185,37.4076
1186,39.6693
1187,39.1505
1188,39.5292
1189,41.8288
1190,41.0939
1191,42.7842
1192,38.4043
1193,42.9668
1194,42.065
1195,39.4795
1196,37.766
1197,39.0427
1198,40.6046
1199,37.4193
1200,37.3944
1201,39.5463
1202,44.0657
1203,42.2854
1204,41.3545
1205,40.9228
1206,40.9391
1207,43.0285
1208,37.6967
1209,39.9768
1210,40.1541
1211,38.6734
1212,40.3897
1213,42.7606
1214,41.6401
1215,38.3042
1216,45.9691
1217,37.8005
1218,38.6348
1219,41.2332
1220,43.2069
1221,41.2315
1222,40.8055
1223,41.379
1224,41.2118
1225,40.203
1226,37.0258
1227,41.4553
1228,40.3797
1229,40.3156
1230,40.7206
1231,39.456
1232,37.3585
1233,40.4062
1234,41.1213
1235,41.2769
1236,38.5628
1237,40.9252
1238,41.7167
1239,39.0831
1240,42.2893
1241,38.5859
1242,41.6655
1243,38.6244
1244,40.9831
1245,41.0383
1246,39.7055
1247,42.7942
1248,42.6945
1249,41.5943
1250,38.1237
1251,41.2322
1252,43.1642
1253,38.9001
1254,38.0029
1255,39.5315
1256,42.3586
1257,39.8625
1258,42.2294
1259,42.429
1260,35.7052
1261,40.1056
1262,38.7918
1263,38.4972
1264,39.4085
1265,38.7661
1266,38.4217
1267,39.1281
1268,41.0674
1269,40.0464
1270,41.9476
1271,38.5428
1272,41.7205
1273,39.8496
1274,36.1189
1275,39.7761
1276,39.7138
1277,40.9714
1278,38.8752
1279,43.1446
1280,36.3767
1281,39.3348
1282,40.2914
1283,34.982
1284,40.0796
1285,40.3258
1286,41.01
1287,41.7997
1288,38.8052
1289,41.6423
1290,39.5012
1291,37.4234
1292,41.7064
1293,37.547
1294,37.342
1295,39.8312
1296,38.5016
1297,43.7869
1298,39.8823
1299,44.8119
1300,41.3933
1301,37.8209
1302,39.2486
1303,35.0607
1304,40.8676
1305,38.2163
1306,39.0425
1307,42.4178
1308,40.7393
1309,41.6328
1310,43.2996
1311,38.8998
1312,40.415
1313,44.0271
1314,38.0946
1315,41.1348
1316,39.7378
1317,37.2546
1318,39.88
1319,38.7531
1320,41.8874
1321,41.2615
1322,40.4122
1323,39.124
1324,42.3083
1325,39.2477
1326,39.3003
1327,43.9479
1328,38.7567
1329,39.6126
1330,37.7783
1331,39.6347
1332,40.3867
1333,36.9498
1334,45.9998
1335,40.3825
1336,42.1019
1337,42.3596
1338,37.8713
1339,38.2149
1340,43.4521
1341,39.588
1342,39.2628
1343,40.6023
1344,39.1722
1345,42.077
1346,39.0626
1347,38.6103
1348,41.2035
1349,38.6221
1350,40.0867
1351,39.7211
1352,40.0729
1353,37.6896
1354,41.2802
1355,37.7101
1356,40.051
1357,39.1284
1358,42.604
1359,40.2262
1360,42.4511
1361,38.4353
1362,40.618
1363,37.2247
1364,39.8604
1365,39.3569
1366,35.416
1367,39.5164
1368,39.4888
1369,37.5181
1370,39.4314
1371,41.793
1372,38.8801
1373,40.8943
1374,38.8206
1375,43.4436
1376,42.0399
1377,39.3004
1378,41.3581
1379,39.069
1380,39.9604
1381,36.0991
1382,37.7829
1383,40.8015
1384,42.898
1385,39.8217
1386,39.4028
1387,38.0374
1388,42.5259
1389,37.5894
1390,40.5779
1391,40.3671
1392,39.8623
1393,41.281
1394,38.9997
1395,36.7526
1396,42.142
1397,40.7576
1398,41.4628
1399,35.9053
1400,39.5999
1401,43.0316
1402,37.7275
1403,42.2237
1404,36.2844
1405,39.9064
1406,40.7505
1407,38.7663
1408,38.6846
1409,41.5488
1410,38.5461
1411,39.6876
1412,42.1159
1413,36.09
1414,39.0542
1415,38.7726
1416,40.6188
1417,39.8416
1418,42.7991
1419,40.7976
1420,41.5362
1421,41.3131
1422,41.6521
1423,38.87
1424,39.7405
1425,38.3106
1426,42.9477
1427,39.4169
1428,38.195
1429,40.7024
1430,39.1613
1431,41.1963
1432,37.9805
1433,38.7277
1434,37.3641
1435,40.398
1436,39.5674
1437,42.3172
1438,40.413
1439,42.4411
1440,41.624
1441,37.3734
1442,40.7527
1443,42.4603
1444,39.5862
1445,40.982
1446,38.4497
1447,41.2941
1448,40.1444
1449,38.375
1450,39.5344
1451,40.8811
1452,38.3945
1453,41.1363
1454,38.3993
1455,39.2712
1456,39.0448
1457,42.0929
1458,39.2892
1459,41.1782
1460,37.7123
1461,41.6412
1462,38.1638
1463,42.8809
1464,40.3761
1465,38.2746
1466,40.663
1467,40.6842
1468,39.0954
1469,38.893
1470,40.0104
1471,40.1614
1472,41.9026
1473,38.6565
1474,40.8132
1475,38.385
1476,39.2119
1477,39.0647
1478,40.1495
1479,39.0258
1480,41.9476
1481,42.9322
1482,39.5654
1483,41.4676
1484,41.447
1485,39.1815
1486,42.8078
1487,38.4873
1488,35.3162
1489,42.8141
1490,38.3699
1491,41.6375
1492,42.5901
1493,37.6628
1494,41.1749
1495,38.7016
1496,38.3242
1497,38.8245
1498,42.6816
1499,43.1669
1500,36.6951
1501,42.1497
1502,40.2411
1503,41.177
1504,42.4758
1505,39.292
1506,38.9742
1507,38.3145
1508,41.8011
1509,39.7805
1510,34.61
1511,38.1326
1512,40.1629
1513,39.6797
1514,38.7549
1515,37.508
1516,39.4361
1517,42.955
1518,40.2139
1519,38.0037
1520,37.8644
1521,39.9126
1522,41.991
1523,41.7812
1524,39.3801
1525,38.7899
1526,40.1323
1527,38.1966
1528,42.0188
1529,42.3486
1530,38.3612
1531,40.6465
1532,38.3154
1533,38.6795
1534,41.0218
1535,39.2525
1536,37.9658
1537,40.5005
1538,41.0925
1539,39.0285
1540,39.5257
1541,40.141
1542,38.691
1543,41.2215
1544,38.685
1545,39.8601
1546,40.3434
1547,39.8061
1548,40.1301
1549,43.0572
1550,41.5737
1551,39.1971
1552,42.6656
1553,37.1364
1554,40.2281
1555,44.1818
1556,36.5384
1557,39.3958
1558,39.9724
1559,38.7238
1560,39.3306
1561,41.7338
1562,41.3292
1563,37.9543
1564,44.7435
1565,37.9578
1566,40.7228
1567,41.927
1568,42.7329
1569,40.1048
1570,43.9651
1571,37.8278
1572,40.323
1573,43.005
1574,40.1885
1575,39.4959
1576,38.6276
1577,41.7861
1578,38.492
1579,37.8192
1580,43.0069
1581,41.9134
1582,39.8819
1583,40.7669
1584,42.1156
1585,38.5498
1586,40.6632
1587,37.3334
1588,42.167
1589,39.0317
1590,39.8226
1591,40.6342
1592,40.3465
1593,39.7418
1594,42.5507
1595,39.3697
1596,40.5856
1597,36.436
1598,38.496
1599,39.2019
1600,38.938
1601,39.9959
1602,38.959
1603,41.0335
1604,41.3125
1605,41.3399
1606,38.2459
1607,43.6115
1608,42.2292
1609,39.2998
1610,41.0389
1611,44.656
1612,38.9805
1613,41.0167
1614,35.7495
1615,37.8139
1616,37.3559
1617,39.2128
1618,41.846
1619,41.8148
1620,40.8273
1621,45.3417
1622,38.6367
1623,39.9515
1624,41.1075
1625,38.6706
1626,37.2084
1627,40.5163
1628,41.0086
1629,39.8598
1630,39.167
1631,43.6096
1632,39.804
1633,44.4851
1634,40.8097
1635,42.3499
1636,40.6499
1637,42.3995
1638,41.3729
1639,39.4927
1640,41.0777
1641,36.1906
1642,40.9884
1643,37.5292
1644,40.5356
1645,35.2068
1646,42.7569
1647,39.6265
1648,37.4568
1649,37.7085
1650,38.0807
1651,42.5622
1652,40.9451
1653,42.598
1654,42.5275
1655,39.3618
1656,37.0269
1657,41.1025
1658,36.081
1659,39.3555
1660,42.5311
1661,39.4755
1662,40.2209
1663,39.7901
1664,43.5812
1665,41.9668
1666,35.2567
1667,39.3461
1668,40.9717
1669,41.3103
1670,38.542
1671,41.5978
1672,40.9487
1673,44.3356
1674,38.4138
1675,41.443
1676,37.048
1677,40.5291
1678,38.766
1679,41.1904
1680,40.8508
1681,37.7569
1682,39.7004
1683,40.3077
1684,40.2731
1685,37.6812
1686,39.324
1687,38.8123
1688,39.5655
1689,38.7264
1690,40.2735
1691,40.0861
1692,39.6939
1693,42.4238
1694,42.4644
1695,40.7531
1696,41.667
1697,39.7826
1698,42.8877
1699,41.1243
1700,41.2537
1701,44.084
1702,38.8747
1703,39.796
1704,36.4297
1705,35.7516
1706,37.9759
1707,40.6959
1708,41.1491
1709,39.6702
1710,40.9967
1711,44.1803
1712,39.479
1713,44.2084
1714,37.3049
1715,39.9949
1716,40.0262
1717,36.5428
1718,38.8223
1719,41.3713
1720,40.9844
1721,38.639
1722,35.2099
1723,35.6874
1724,40.8334
1725,44.1611
1726,41.0246
1727,40.9914
1728,39.6248
1729,37.6098
1730,39.2057
1731,39.8121
1732,38.1393
1733,39.8494
1734,41.4138
1735,40.7498
1736,41.0085
1737,39.4757
1738,43.1509
1739,45.7597
1740,37.0588
1741,37.9673
1742,40.0278
1743,39.4202
1744,39.5647
1745,42.6919
1746,39.8863
1747,42.3551
1748,40.9095
1749,43.2259
1750,41.6353
1751,39.7878
1752,38.2362
1753,38.2039
1754,37.3792
1755,37.9375
1756,38.2839
1757,36.104
1758,45.1912
1759,38.622
1760,42.9101
1761,38.3667
1762,40.2525
1763,42.3601
1764,42.8148
1765,38.5233
1766,39.694
1767,39.2597
1768,39.9883
1769,37.1949
1770,42.1071
1771,37.1469
1772,39.3267
1773,42.4535
1774,37.7686
1775,45.9705
1776,40.1073
1777,43.1957
1778,40.2047
1779,40.0707
1780,40.4919
1781,35.4209
1782,40.6575
1783,36.7882
1784,41.5298
1785,41.0493
1786,40.412
1787,37.4684
1788,38.5403
1789,40.1631
1790,39.3705
1791,43.2479
1792,39.0865
1793,41.7641
1794,41.9669
1795,41.2438
1796,39.7051
1797,38.9494
1798,35.9495
1799,41.0221
1800,36.0582
1801,41.0483
1802,37.8188
1803,41.4147
1804,38.1052
1805,39.5679
1806,39.9475
1807,40.9092
1808,37.2513
1809,38.7688
1810,39.0956
1811,37.5769
1812,42.8649
1813,39.0652
1814,36.8873
1815,40.3711
1816,41.6435
1817,37.1413
1818,38.892
1819,41.6082
1820,42.4957
1821,39.2462
1822,36.8431
1823,43.0622
1824,35.42
1825,39.2207
1826,37.0107
1827,41.6461
1828,38.7812
1829,38.6122
1830,40.8675
1831,40.857
1832,41.2926
1833,39.035
1834,41.9813
1835,39.8117
1836,41.9866
1837,40.1298
1838,46.0552
1839,44.462
1840,34.7366
1841,37.2035
1842,42.8761
1843,41.4063
1844,42.7189
1845,38.7847
1846,41.251
1847,41.8982
1848,39.7845
1849,41.1334
1850,37.688
1851,44.5781
1852,41.2374
1853,42.2324
1854,41.8122
1855,40.4007
1856,41.848
1857,45.8279
1858,35.1153
1859,45.2992
1860,37.8571
1861,39.1538
1862,39.2566
1863,38.2092
1864,44.4313
1865,41.3169
1866,37.5744
1867,36.9999
1868,42.4122
1869,40.2744
1870,35.6504
1871,37.7385
1872,39.9034
1873,38.6714
1874,36.4599
1875,41.2593
1876,43.496
1877,40.5736
1878,37.8117
1879,37.8401
1880,40.9412
1881,40.6892
1882,45.2428
1883,38.8967
1884,38.6277
1885,40.0277
1886,40.1085
1887,38.8373
1888,40.6985
1889,38.747
1890,38.6464
1891,38.1747
1892,41.6764
1893,41.0841
1894,41.2552
1895,42.9756
1896,39.5715
1897,39.2562
1898,36.766
1899,40.5875
1900,38.4181
1901,40.2937
1902,40.0996
1903,41.6125
1904,40.5894
1905,40.6831
1906,40.631
1907,38.8183
1908,40.9605
1909,38.3969
1910,38.6396
1911,39.8623
1912,38.1416
1913,36.4145
1914,39.9106
1915,40.5295
1916,40.295
1917,37.8418
1918,37.5563
1919,37.2613
1920,38.4084
1921,40.3702
1922,40.2722
1923,36.2983
1924,34.8797
1925,42.7644
1926,37.735
1927,33.9493
1928,40.7486
1929,40.9613
1930,40.8422
1931,36.9256
1932,42.1927
1933,37.6086
1934,40.4693
1935,43.0919
1936,39.9211
1937,38.9049
1938,41.173
1939,41.9927
1940,40.788
1941,44.177
1942,40.2484
1943,40.901
1944,38.9446
1945,40.9975
1946,40.5464
1947,42.7866
1948,36.0537
1949,42.8308
1950,41.2461
1951,41.283
1952,40.2671
1953,37.6027
1954,43.795
1955,38.8958
1956,44.0549
1957,41.3472
1958,39.671
1959,38.8041
1960,42.2989
1961,43.2413
1962,40.343
1963,37.5472
1964,41.7675
1965,41.6005
1966,38.9754
1967,39.4243
1968,43.2627
1969,39.0163
1970,38.9636
1971,39.1748
1972,37.462
1973,41.7317
1974,40.326
1975,39.8656
1976,41.3029
1977,40.979
1978,38.1269
1979,37.9941
1980,40.7405
1981,42.4025
1982,42.0373
1983,40.4136
1984,40.6699
1985,37.2444
1986,37.7411
1987,39.2488
1988,37.8468
1989,38.8342
1990,39.3828
1991,37.211
1992,39.8238
1993,39.0829
1994,37.0804
1995,39.8161
1996,40.6071
1997,40.2712
1998,36.2643
1999,37.4628
2000,39.763
2001,38.2313
2002,40.8026
2003,43.4409
2004,40.4811
2005,38.887
2006,39.3475
2007,38.2273
2008,40.7041
2009,39.9058
2010,39.429
2011,36.6776
2012,40.249
2013,39.8039
2014,38.9202
2015,39.3099
2016,39.8917
2017,43.3548
2018,38.3015
2019,41.5923
2020,41.7225
2021,36.7457
2022,41.2567
2023,41.6079
2024,39.0412
2025,40.6757
2026,39.4267
2027,38.9381
2028,38.9515
2029,41.0766
2030,39.29
2031,43.367
2032,36.6543
2033,40.9236
2034,39.7897
2035,36.9178
2036,40.8565
2037,38.7648
2038,37.4366
2039,39.8775
2040,36.6154
2041,40.317
2042,41.0478
2043,37.7968
2044,38.9604
2045,37.0954
2046,40.5125
2047,37.5473
2048,37.628
2049,39.5696
2050,37.3254
2051,39.3708
2052,40.705
2053,35.1055
2054,38.3772
2055,36.445
2056,41.3358
2057,42.3734
2058,41.3649
2059,38.6656
2060,36.8476
2061,41.5532
2062,37.04
2063,38.9963
2064,36.021
2065,36.8749
2066,42.6465
2067,41.6277
2068,41.5246
2069,39.5178
2070,35.6576
2071,40.4661
2072,41.5675
2073,41.5245
2074,41.5095
2075,41.473
2076,40.923
2077,39.5549
2078,38.6354
2079,41.4745
2080,38.5733
2081,41.7974
2082,40.6032
2083,40.9147
2084,40.5502
2085,42.4023
2086,40.6057
2087,40.0985
2088,39.3193
2089,38.7193
2090,41.1671
2091,37.4717
2092,40.7665
2093,40.9019
2094,38.8776
2095,39.4041
2096,40.0247
2097,40.9671
2098,42.9556
2099,40.226
2100,40.9976
2101,41.7543
2102,40.4974
2103,42.0668
2104,44.7199
2105,41.1093
2106,43.7903
2107,44.1547
2108,38.4889
2109,38.4701
2110,38.5468
2111,37.8043
2112,37.9401
2113,37.3076
2114,40.7781
2115,38.318
2116,40.7233
2117,41.7008
2118,42.1874
2119,40.5375
2120,43.9879
2121,41.2042
2122,38.4532
2123,40.0856
2124,40.3376
2125,38.4964
2126,40.1245
2127,41.1491
2128,39.528
2129,41.0828
2130,37.0991
2131,38.4014
2132,38.6241
2133,41.3692
2134,40.5259
2135,41.0616
2136,39.1382
2137,41.5311
2138,38.6435
2139,42.7875
2140,40.2509
2141,38.4248
2142,37.6808
2143,40.6106
2144,40.7736
2145,38.0846
2146,34.6175
2147,38.0741
2148,39.3341
2149,40.6971
2150,40.1777
2151,38.9156
2152,46.1677
2153,36.6793
2154,40.4036
2155,38.6639
2156,39.548
2157,42.5866
2158,43.5806
2159,41.9701
2160,44.3021
2161,40.3642
2162,44.4918
2163,40.5311
2164,38.3781
2165,42.5703
2166,41.1569
2167,39.6974
2168,38.7065
2169,38.1827
2170,40.6417
2171,38.5488
2172,42.7489
2173,40.012
2174,40.7018
2175,41.8564
2176,39.4927
2177,40.5299
2178,39.3403
2179,36.5591
2180,36.2888
2181,39.3723
2182,40.8046
2183,42.5951
2184,40.1502
2185,37.5652
2186,40.7655
2187,38.9718
2188,38.0053
2189,36.7028
2190,39.6971
2191,38.004
2192,40.6301
2193,40.6895
2194,38.2915
2195,38.9819
2196,39.8588
2197,42.609
2198,41.8358
2199,40.1216
2200,40.8806
2201,39.1114
2202,39.2676
2203,45.4149
2204,41.6142
2205,39.533
2206,42.2048
2207,39.5013
2208,41.5939
2209,41.2198
2210,42.7869
2211,41.4209
2212,44.1133
2213,40.7088
2214,38.3377
2215,44.1905
2216,39.385
2217,39.0522
2218,39.0581
2219,41.5913
2220,42.9474
2221,38.9038
2222,37.456
2223,42.8425
2224,40.3829
2225,39.1891
2226,39.733
2227,42.6306
2228,41.6077
2229,39.1034
2230,41.6442
2231,42.3099
2232,38.6426
2233,40.7549
2234,41.3085
2235,42.3066
2236,39.0499
2237,40.995
2238,39.1436
2239,39.0224
2240,38.3981
2241,41.9327
2242,38.7173
2243,40.0071
2244,41.4431
2245,38.2859
2246,36.9857
2247,42.4971
2248,39.5252
2249,40.8966
2250,36.1263
2251,42.6314
2252,39.4674
2253,39.7926
2254,43.3165
2255,42.6953
2256,39.1668
2257,39.9745
2258,43.9832
2259,38.9984
2260,39.7903
2261,38.6025
2262,39.5585
2263,37.5356
2264,39.8566
2265,39.7507
2266,38.3723
2267,41.3733
2268,37.3945
2269,40.8499
2270,41.8191
2271,36.9607
2272,38.4233
2273,40.0912
2274,45.3659
2275,38.8614
2276,40.0824
2277,34.1303
2278,38.8411
2279,40.9956
2280,42.6852
2281,40.2049
2282,38.8406
2283,42.6973
2284,41.2438
2285,38.0231
2286,35.7733
2287,39.5819
2288,40.2004
2289,42.1299
2290,37.2445
2291,41.2581
2292,40.6278
2293,41.8643
2294,42.9341
2295,39.1458
2296,38.5293
2297,37.9322
2298,40.8212
2299,41.3366
2300,40.6899
2301,40.669
2302,39.7419
2303,38.1918
2304,42.7251
2305,35.1945
2306,35.7766
2307,39.781
2308,40.8864
2309,39.1753
2310,37.9921
2311,38.7309
2312,37.9847
2313,39.5227
2314,41.0641
2315,41.8161
2316,41.1763
2317,42.2902
2318,40.3044
2319,40.2484
2320,40.2664
2321,41.3768
2322,41.1896
2323,38.3097
2324,38.4503
2325,41.7717
2326,39.0115
2327,36.6448
2328,38.2174
2329,38.3084
2330,37.7224
2331,40.596
2332,41.467
2333,37.6516
2334,43.2557
2335,41.3736
2336,40.0541
2337,39.2261
2338,40.4183
2339,43.9152
2340,39.3087
2341,37.2948
2342,39.4685
2343,39.5468
2344,39.5839
2345,41.0267
2346,41.7239
2347,38.8872
2348,39.3179
2349,42.0166
2350,39.3531
2351,38.0928
2352,39.9716
2353,39.7821
2354,39.1917
2355,42.2905
2356,38.1127
2357,39.4374
2358,40.0688
2359,36.3545
2360,41.5154
2361,39.5248
2362,39.7918
2363,40.9662
2364,40.9176
2365,40.0811
2366,39.6819
2367,41.2664
2368,39.4468
2369,40.4553
2370,37.0669
2371,37.9361
2372,37.546
2373,41.9254
2374,37.1186
2375,40.8053
2376,37.0889
2377,44.1363
2378,41.4156
2379,39.5622
2380,38.4141
2381,38.0557
2382,39.2899
2383,39.5536
2384,39.4716
2385,37.5514
2386,39.9508
2387,37.3062
2388,39.8222
2389,38.718
2390,41.2109
2391,38.0678
2392,39.4579
2393,35.5685
2394,40.2728
2395,38.8634
2396,41.7298
2397,42.124
2398,40.1018
2399,44.1756
2400,41.3382
2401,38.4212
2402,37.6694
2403,41.1205
2404,43.2609
2405,40.5699
2406,37.5446
2407,37.9116
2408,39.6632
2409,39.0552
2410,37.5444
2411,39.0166
2412,38.5205
2413,42.0938
2414,39.1717
2415,39.3017
2416,40.3962
2417,39.8491
2418,44.068
2419,40.2606
2420,39.9363
2421,39.1992
2422,38.6084
2423,39.0704
2424,37.8169
2425,38.606
2426,43.7145
2427,42.4334
2428,40.6532
2429,41.5819
2430,40.4397
2431,38.6171
2432,38.0007
2433,39.3129
2434,40.0272
2435,38.4769
2436,40.169
2437,39.4736
2438,39.9602
2439,43.9206
2440,43.2549
2441,37.8933
2442,38.9561
2443,38.649
2444,43.5787
2445,40.8669
2446,42.4457
2447,41.739
2448,38.0564
2449,41.506
2450,37.8206
2451,39.9639
2452,41.5909
2453,39.8458
2454,38.1685
2455,39.3876
2456,41.6087
2457,39.155
2458,40.9431
2459,43.7546
2460,44.022
2461,39.8057
2462,39.7258
2463,41.0988
2464,38.4614
2465,39.2004
2466,39.177
2467,38.8915
2468,38.9444
2469,43.3861
2470,37.7527
2471,39.8878
2472,40.7436
2473,41.0698
2474,38.6757
2475,39.4427
2476,43.7807
2477,41.6811
2478,41.4547
2479,39.0637
2480,42.1538
2481,39.9443
2482,37.849
2483,39.1915
2484,39.792
2485,39.1038
2486,41.5051
2487,41.8857
2488,37.6626
2489,38.5325
2490,40.9283
2491,34.2653
2492,39.66
2493,39.579
2494,41.9633
2495,41.0739
2496,38.7934
2497,41.9715
2498,40.7065
2499,42.2736
2500,39.0447
2501,38.3376
2502,40.1073
2503,38.7225
2504,40.0478
2505,39.2311
2506,41.3232
2507,41.6273
2508,41.1421
2509,40.6259
2510,36.1644
2511,40.9801
2512,41.3802
2513,38.4148
2514,38.6156
2515,38.3532
2516,40.3225
2517,36.837
2518,39.9355
2519,40.0663
2520,42.3831
2521,41.7259
2522,41.7874
2523,36.2718
2524,41.707
2525,39.0451
2526,38.8382
2527,38.764
2528,39.5046
2529,37.1219
2530,39.3175
2531,42.2851
2532,42.1334
2533,40.1288
2534,38.5487
2535,44.5271
2536,39.5456
2537,39.5886
2538,38.7751
2539,42.789
2540,42.0341
2541,37.0461
2542,41.5049
2543,39.56
2544,43.0033
2545,39.8464
2546,36.9179
2547,38.8465
2548,41.1229
2549,37.3059
2550,35.2298
2551,40.7968
2552,40.3796
2553,41.759
2554,36.6161
2555,41.6786
2556,40.4794
2557,39.7053
2558,41.5488
2559,42.2393
2560,41.0148
2561,38.6248
2562,42.3946
2563,44.7418
2564,42.3599
2565,37.6947
2566,36.1841
2567,38.9343
2568,37.261
2569,41.4674
2570,38.6297
2571,38.2241
2572,42.5764
2573,38.0838
2574,42.6116
2575,37.4475
2576,39.6641
2577,41.231
2578,38.7787
2579,38.2542
2580,39.7971
2581,40.4569
2582,39.6503
2583,41.1479
2584,36.876
2585,37.9968
2586,37.8771
2587,37.7198
2588,41.273
2589,41.7641
2590,41.9711
2591,37.5152
2592,42.3052
2593,38.2044
2594,39.0898
2595,43.3355
2596,40.131
2597,36.7523
2598,37.8192
2599,38.6792
2600,37.7505
2601,41.7327
2602,39.8313
2603,38.4051
2604,40.8038
2605,39.7409
2606,40.8065
2607,38.2452
2608,38.9414
2609,42.1507
2610,36.4364
2611,39.1543
2612,40.9182
2613,44.8804
2614,44.5374
2615,42.4185
2616,39.3236
2617,39.6204
2618,38.0353
2619,43.4929
2620,40.7665
2621,41.7476
2622,39.6432
2623,41.3488
2624,41.0572
2625,41.3464
2626,42.1184
2627,35.8906
2628,39.8172
2629,37.441
2630,40.218
2631,38.095
2632,39.7343
2633,37.0974
2634,35.5105
2635,37.7269
2636,40.2258
2637,40.9911
2638,39.5336
2639,41.0192
2640,42.096
2641,37.5439
2642,37.8035
2643,41.2499
2644,40.1115
2645,40.845
2646,39.2088
2647,40.2448
2648,42.6084
2649,41.0014
2650,40.3713
2651,42.0234
2652,37.6473
2653,39.873
2654,38.5318
2655,37.8662
2656,39.0786
2657,41.5595
2658,37.0867
2659,40.5453
2660,38.6501
2661,40.7661
2662,37.6352
2663,41.4358
2664,40.1215
2665,40.3553
2666,39.5232
2667,36.8932
2668,38.6978
2669,41.3704
2670,41.7634
2671,40.2974
2672,38.6661
2673,40.8771
2674,40.1053
2675,44.0687
2676,39.9374
2677,41.219
2678,41.9979
2679,38.6875
2680,40.701
2681,38.1558
2682,40.7718
2683,39.5441
2684,42.6452
2685,41.1339
2686,41.1727
2687,39.2219
2688,40.5671
2689,36.2565
2690,43.3615
2691,40.9881
2692,39.3083
2693,38.6026
2694,42.2181
2695,38.6122
2696,37.9966
2697,39.1618
2698,40.6537
2699,38.456
2700,41.1883
2701,37.7402
2702,40.8054
2703,40.8909
2704,41.6667
2705,39.2111
2706,39.3516
2707,36.0931
2708,42.5474
2709,43.8595
2710,39.833
2711,43.912
2712,39.3175
2713,39.4623
2714,40.7102
2715,39.3884
2716,38.8338
2717,39.81
2718,42.752
2719,39.2419
2720,40.9978
2721,41.7621
2722,41.0333
2723,40.6083
2724,39.9698
2725,40.9262
2726,36.7318
2727,37.4827
2728,43.1781
2729,40.7846
2730,41.1254
2731,42.1329
2732,38.5885
2733,41.3769
2734,38.9743
2735,39.404
2736,39.1578
2737,39.7811
2738,40.8204
2739,38.8785
2740,37.9536
2741,40.208
2742,39.2252
2743,39.0015
2744,36.8601
2745,42.5171
2746,41.7579
2747,39.055
2748,36.7225
2749,39.3611
2750,41.2537
2751,41.2993
2752,40.9339
2753,37.9827
2754,40.6833
2755,40.5397
2756,39.9896
2757,39.6211
2758,43.8065
2759,40.7315
2760,40.5466
2761,40.801
2762,38.783
2763,41.7616
2764,36.4502
2765,37.5732
2766,45.5793
2767,37.3297
2768,37.7053
2769,37.0742
2770,40.454
2771,39.6691
2772,39.8408
2773,37.7979
2774,45.3068
2775,40.2164
2776,39.5478
2777,38.7814
2778,41.5618
2779,37.8866
2780,38.8546
2781,42.8016
2782,44.2911
2783,38.4393
2784,38.1068
2785,39.8405
2786,42.6955
2787,39.343
2788,40.683
2789,38.6515
2790,37.1293
2791,40.6495
2792,39.0102
2793,39.7002
2794,41.3665
2795,37.2813
2796,39.8842
2797,41.4238
2798,37.724
2799,37.4237
2800,40.6042
2801,38.1564
2802,41.3871
2803,40.0303
2804,40.4225
2805,38.4695
2806,37.6585
2807,39.2907
2808,39.0887
2809,37.4309
2810,38.0276
2811,40.4936
2812,40.8748
2813,38.4695
2814,41.6788
2815,39.2473
2816,41.4401
2817,37.2446
2818,41.6137
2819,40.142
2820,38.9627
2821,41.6165
2822,42.1775
2823,38.3103
2824,39.9477
2825,41.166
2826,41.5346
2827,42.6166
2828,45.1488
2829,39.4039
2830,40.0678
2831,38.5389
2832,41.4188
2833,39.8416
2834,39.4443
2835,37.3812
2836,40.2171
2837,41.7156
2838,43.0522
2839,39.1615
2840,37.6532
2841,41.7137
2842,36.9493
2843,40.1848
2844,42.9655
2845,41.0538
2846,41.1993
2847,38.9785
2848,40.5088
2849,40.1853
2850,40.4199
2851,36.3489
2852,42.6046
2853,39.0894
2854,39.6776
2855,38.3212
2856,37.8269
2857,41.7075
2858,42.7598
2859,42.3356
2860,37.6103
2861,39.4888
2862,40.0581
2863,39.5493
2864,40.0698
2865,39.7978
2866,39.8126
2867,36.1746
2868,45.081
2869,36.7604
2870,40.0381
2871,38.973
2872,39.9496
2873,38.6364
2874,37.3741
2875,36.911
2876,39.5122
2877,42.7915
2878,40.0572
2879,40.2987
2880,40.5224
2881,38.308
2882,39.466
2883,43.0175
2884,38.9467
2885,38.5283
2886,39.5038
2887,41.7982
2888,41.9878
2889,42.2722
2890,36.8789
2891,40.5957
2892,40.3076
2893,37.4317
2894,34.1775
2895,39.9707
2896,38.7133
2897,41.2994
2898,37.0994
2899,38.1145
2900,38.8682
2901,39.7828
2902,36.5679
2903,39.6009
2904,37.8873
2905,39.544
2906,39.318
2907,38.9484
2908,43.4924
2909,42.0475
2910,40.8223
2911,38.0644
2912,40.0591
2913,40.7333
2914,43.5177
2915,39.9712
2916,39.6298
2917,41.5565
2918,39.3196
2919,39.1069
2920,38.9695
2921,39.1714
2922,40.0445
2923,39.5896
2924,38.9914
2925,42.753
2926,37.2204
2927,39.7914
2928,42.3711
2929,40.1915
2930,37.4987
2931,39.5137
2932,37.4467
2933,39.1546
2934,38.0896
2935,38.2749
2936,40.6457
2937,39.8591
2938,41.1345
2939,45.1212
2940,42.271
2941,40.0462
2942,38.9209
2943,41.3429
2944,41.7311
2945,38.5221
2946,39.9821
2947,38.2088
2948,40.5319
2949,40.9963
2950,39.6579
2951,37.8856
2952,40.5426
2953,41.7589
2954,38.2527
2955,36.5737
2956,41.6035
2957,41.5228
2958,41.9817
2959,36.0827
2960,40.8716
2961,38.85
2962,38.95
2963,40.2123
2964,38.3338
2965,38.1382
2966,42.6681
2967,40.5302
2968,44.5081
2969,39.2357
2970,38.9327
2971,40.8191
2972,40.8058
2973,38.1951
2974,37.5627
2975,40.5792
2976,39.523
2977,43.2221
2978,37.6115
2979,40.941
2980,41.4723
2981,40.4385
2982,37.2958
2983,39.7449
2984,38.284
2985,39.0622
2986,38.4615
2987,43.1412
2988,37.055
2989,39.3177
2990,42.7653
2991,38.945
2992,39.0973
2993,38.0148
2994,37.8244
2995,38.1301
2996,38.535
2997,39.4261
2998,39.1451
2999,40.9245
3000,35.2466
3001,38.4492
3002,42.4582
3003,45.5107
3004,38.9932
3005,40.7713
3006,39.3891
3007,43.388
3008,40.938
3009,39.7904
3010,39.9319
3011,39.5376
3012,42.7863
3013,41.1103
3014,38.4054
3015,37.5915
3016,37.1075
3017,42.2485
3018,39.7681
3019,38.4459
3020,41.5609
3021,43.4159
3022,39.0834
3023,40.5117
3024,41.6447
3025,39.2389
3026,33.5665
3027,38.8315
3028,38.4285
3029,35.8819
3030,42.4161
3031,42.1098
3032,35.8542
3033,38.9683
3034,42.3024
3035,40.4986
3036,36.6863
3037,40.3858
3038,40.2514
3039,41.7438
3040,41.0272
3041,38.3628
3042,40.6623
3043,42.5231
3044,41.2645
3045,38.8379
3046,40.953
3047,39.2012
3048,40.7486
3049,45.0223
3050,40.0498
3051,39.2544
3052,35.7821
3053,40.6442
3054,39.9231
3055,43.8624
3056,36.4812
3057,38.475
3058,40.7729
3059,40.3354
3060,42.6743
3061,36.7163
3062,37.8817
3063,37.3805
3064,39.6515
3065,39.6757
3066,38.2375
3067,37.3987
3068,41.3498
3069,41.3518
3070,41.0611
3071,41.0229
3072,38.816
3073,41.018
3074,41.0212
3075,40.8059
3076,41.3818
3077,39.1576
3078,41.7407
3079,38.9022
3080,46.8311
3081,38.4063
3082,42.6586
3083,40.2876
3084,40.1773
3085,38.8894
3086,39.1309
3087,38.625
3088,41.6844
3089,41.4699
3090,43.0523
3091,40.9724
3092,42.9889
3093,42.7922
3094,42.3393
3095,41.3938
3096,38.1399
3097,38.1135
3098,40.6775
3099,41.535
3100,38.2342
3101,41.285
3102,40.2105
3103,41.6175
3104,42.0045
3105,39.815
3106,39.9555
3107,38.4187
3108,40.4637
3109,36.5524
3110,39.1021
3111,39.6482
3112,34.8442
3113,36.8932
3114,39.5492
3115,39.9324
3116,41.2745
3117,41.8802
3118,41.2334
3119,37.4113
3120,43.1515
3121,44.4064
3122,41.9836
3123,39.2085
3124,42.1563
3125,40.3907
3126,38.1889
3127,38.1696
3128,39.5073
3129,39.633
3130,40.4887
3131,39.7573
3132,41.372
3133,38.8842
3134,39.8422
3135,43.6114
3136,38.9741
3137,38.9246
3138,41.8589
3139,39.9522
3140,38.9975
3141,37.95
3142,38.7862
3143,40.1128
3144,39.2662
3145,42.716
3146,39.7289
3147,42.3143
3148,37.6657
3149,38.2253
3150,40.2531
3151,41.2938
3152,41.4338
3153,41.3615
3154,37.836
3155,41.8033
3156,36.0008
3157,40.9268
3158,43.0996
3159,39.3343
3160,38.6658
3161,35.0468
3162,43.0986
3163,43.8103
3164,36.8264
3165,41.6144
3166,36.7443
3167,41.7591
3168,41.9537
3169,38.4372
3170,40.0471
3171,41.5711
3172,43.3577
3173,40.1148
3174,39.8211
3175,41.8537
3176,41.5088
3177,40.3308
3178,37.5172
3179,39.6375
3180,39.6903
3181,40.8986
3182,42.923
3183,39.9848
3184,41.8479
3185,41.1776
3186,38.3643
3187,41.167
3188,42.1772
3189,43.3915
3190,40.8721
3191,42.1911
3192,40.7305
3193,40.1877
3194,35.7763
3195,42.3321
3196,40.0777
3197,40.6422
3198,43.1499
3199,43.1113
3200,42.0957
3201,39.2296
3202,35.697
3203,37.1922
3204,38.1796
3205,38.5938
3206,36.0325
3207,39.6646
3208,43.6685
3209,41.0577
3210,40.9562
3211,40.3838
3212,39.2168
3213,40.2781
3214,39.6406
3215,42.1077
3216,38.0073
3217,38.0506
3218,39.1854
3219,42.4869
3220,41.2021
3221,43.4581
3222,39.9034
3223,41.08
3224,38.2168
3225,39.7337
3226,39.8772
3227,41.0307
3228,38.3902
3229,39.5425
3230,39.4545
3231,36.7905
3232,41.7878
3233,40.2648
3234,37.46
3235,37.8414
3236,39.2375
3237,44.1518
3238,41.2601
3239,38.4226
3240,41.9127
3241,39.2317
3242,38.9872
3243,40.3948
3244,41.668
3245,42.0633
3246,40.3268
3247,38.6324
3248,40.9307
3249,40.0839
3250,39.627
3251,42.6133
3252,40.4914
3253,40.0139
3254,40.6395
3255,38.6073
3256,37.2056
3257,40.9133
3258,41.4905
3259,36.6755
3260,41.1435
3261,38.3931
3262,39.8944
3263,40.6335
3264,41.5713
3265,37.969
3266,38.3037
3267,39.9297
3268,40.3654
3269,40.9795
3270,44.5307
3271,38.5134
3272,39.6894
3273,40.5039
3274,39.2654
3275,41.8423
3276,37.4986
3277,42.6868
3278,42.5971
3279,40.2062
3280,39.3819
3281,40.4989
3282,36.0549
3283,41.7091
3284,39.3123
3285,39.1724
3286,35.5986
3287,44.1979
3288,39.2349
3289,42.7568
3290,41.3358
3291,39.883
3292,43.2023
3293,38.6011
3294,39.7262
3295,41.9251
3296,37.0199
3297,43.069
3298,39.1585
3299,42.4798
3300,39.891
3301,43.1881
3302,39.8099
3303,38.8604
3304,38.8298
3305,35.1361
3306,36.7142
3307,40.8589
3308,37.2128
3309,37.5839
3310,39.6106
3311,38.5283
3312,37.4832
3313,37.6632
3314,42.8661
3315,39.9979
3316,39.485
3317,39.2698
3318,40.6334
3319,40.2881
3320,43.4983
3321,41.7943
3322,40.6297
3323,37.9998
3324,40.9946
3325,36.7484
3326,37.773
3327,41.5042
3328,39.3586
3329,37.2317
3330,39.7034
3331,40.3335
3332,42.3306
3333,37.4664
3334,42.3334
3335,39.9971
3336,38.453
3337,41.5052
3338,39.1976
3339,39.4103
3340,41.7127
3341,40.3691
3342,38.9763
3343,42.1854
3344,41.4487
3345,41.6677
3346,34.3294
3347,42.1437
3348,40.5898
3349,39.9382
3350,38.1589
3351,40.121
3352,36.1185
3353,37.9226
3354,39.3354
3355,37.4647
3356,41.2747
3357,38.4065
3358,39.2822
3359,43.9851
3360,41.8911
3361,40.1821
3362,40.4502
3363,39.4671
3364,35.6532
3365,37.3859
3366,37.617
3367,39.6725
3368,37.3621
3369,38.638
3370,37.7196
3371,39.2103
3372,41.1443
3373,38.7939
3374,36.2826
3375,39.6001
3376,39.9081
3377,40.5058
3378,42.02
3379,39.8624
3380,39.5628
3381,38.2955
3382,39.283
3383,44.7613
3384,41.4441
3385,38.5996
3386,39.4826
3387,40.2485
3388,37.8899
3389,40.8595
3390,46.032
3391,40.4212
3392,42.6545
3393,37.0901
3394,35.3799
3395,40.2123
3396,47.0387
3397,38.4322
3398,40.211
3399,42.6733
3400,36.9772
3401,40.6636
3402,43.3997
3403,36.8739
3404,39.2857
3405,44.8742
3406,37.7872
3407,40.0073
3408,41.644
3409,42.4244
3410,40.4819
3411,40.6842
3412,37.4102
3413,38.8885
3414,39.1408
3415,41.3274
3416,43.2482
3417,39.6419
3418,42.1325
3419,37.1807
3420,40.4512
3421,39.7259
3422,40.4932
3423,41.2797
3424,39.2512
3425,38.1286
3426,40.9988
3427,37.9011
3428,39.0924
3429,37.5341
3430,39.6263
3431,40.1966
3432,38.7076
3433,37.4685
3434,40.0985
3435,36.978
3436,41.2916
3437,40.6354
3438,38.9582
3439,39.9937
3440,38.862
3441,40.4682
3442,41.6951
3443,37.5857
3444,38.8481
3445,40.8556
3446,38.795
3447,38.4699
3448,37.3024
3449,41.8141
3450,39.4161
3451,36.5666
3452,35.3933
3453,36.8571
3454,36.7989
3455,39.7729
3456,42.2722
3457,41.8301
3458,38.202
3459,39.1061
3460,38.898
3461,40.4869
3462,41.681
3463,39.4457
3464,39.0488
3465,38.7442
3466,37.6135
3467,41.9654
3468,40.4368
3469,44.0441
3470,38.2362
3471,38.7091
3472,39.7561
3473,41.7515
3474,41.955
3475,37.3035
3476,40.1232
3477,40.0131
3478,38.9989
3479,42.6191
3480,39.2161
3481,40.2576
3482,38.427
3483,41.0111
3484,37.7687
3485,41.5157
3486,38.6412
3487,39.2935
3488,37.2632
3489,40.1643
3490,38.4882
3491,39.5832
3492,38.7025
3493,39.3266
3494,42.228
3495,39.7759
3496,42.1932
3497,36.8928
3498,39.1027
3499,42.3025
3500,39.5102
3501,39.2298
3502,38.3353
3503,39.5557
3504,43.4289
3505,38.9365
3506,43.0547
3507,39.7571
3508,38.7402
3509,40.655
3510,45.0142
3511,42.3233
3512,39.6062
3513,40.0625
3514,42.1444
3515,42.4646
3516,39.8375
3517,38.7393
3518,37.7188
3519,40.4905
3520,40.3309
3521,40.4526
3522,39.9659
3523,39.1602
3524,39.9045
3525,38.0317
3526,39.8207
3527,41.8573
3528,41.8919
3529,39.7487
3530,42.3404
3531,37.7768
3532,45.2001
3533,37.7352
3534,39.735
3535,41.3313
3536,40.0445
3537,42.8147
3538,38.4268
3539,41.6945
3540,39.2225
3541,40.337
3542,37.5865
3543,39.0928
3544,37.9949
3545,39.5145
3546,38.0187
3547,40.344
3548,41.6846
3549,39.873
3550,37.9752
3551,40.9572
3552,37.7008
3553,41.4382
3554,39.6238
3555,40.2333
3556,35.5155
3557,40.1165
3558,42.2746
3559,37.3626
3560,40.8903
3561,41.9151
3562,39.4267
3563,37.8555
3564,36.2371
3565,43.3724
3566,38.8844
3567,40.1833
3568,41.4707
3569,38.286
3570,36.6327
3571,38.3582
3572,38.1858
3573,35.1896
3574,39.6481
3575,43.2591
3576,36.6998
3577,42.6517
3578,39.5557
3579,41.1359
3580,36.7934
3581,40.9793
3582,45.054
3583,43.8289
3584,39.6448
3585,40.4109
3586,43.1513
3587,40.9984
3588,41.0213
3589,38.8566
3590,38.9785
3591,43.3349
3592,39.7404
3593,40.4742
3594,40.3933
3595,44.1836
3596,38.7955
3597,39.0897
3598,40.6108
3599,40.7789
3600,39.7242
3601,40.7901
3602,41.367
3603,40.1294
3604,39.7887
3605,41.3979
3606,38.5881
3607,38.7576
3608,37.9237
3609,37.471
3610,37.9144
3611,41.7205
3612,38.5859
3613,38.2294
3614,39.302
3615,42.2409
3616,41.435
3617,40.2729
3618,38.9475
3619,37.065
3620,38.9406
3621,39.6081
3622,38.8158
3623,43.6376
3624,38.342
3625,38.3946
3626,38.308
3627,42.0461
3628,41.1077
3629,39.2826
3630,43.2169
3631,39.5603
3632,39.3413
3633,40.0952
3634,42.1921
3635,39.4954
3636,39.1704
3637,37.2477
3638,41.2132
3639,41.7586
3640,38.975
3641,41.35
3642,42.6901
3643,42.5383
3644,40.6436
3645,36.5904
3646,38.3752
3647,40.1592
3648,37.5323
3649,40.276
3650,39.7025
3651,41.286
3652,44.0849
3653,38.3602
3654,39.1116
3655,39.7254
3656,38.9041
3657,39.0693
3658,36.2294
3659,39.5376
3660,42.6849
3661,35.8017
3662,41.1303
3663,37.7301
3664,39.3394
3665,39.044
3666,39.8667
3667,39.4907
3668,38.846
3669,38.6159
3670,38.2696
3671,40.022
3672,38.7196
3673,37.8095
3674,42.4737
3675,40.6387
3676,41.6956
3677,41.3853
3678,41.7566
3679,38.207
3680,43.3193
3681,40.0573
3682,39.3999
3683,43.001
3684,41.165
3685,39.6383
3686,41.0029
3687,41.9688
3688,44.7651
3689,39.7506
3690,41.4226
3691,41.0608
3692,41.0643
3693,37.1363
3694,39.6407
3695,42.5339
3696,41.7672
3697,41.6797
3698,40.1606
3699,39.177
3700,36.2384
3701,40.5685
3702,37.6273
3703,39.9842
3704,38.6207
3705,39.0805
3706,43.5057
3707,39.0761
3708,36.8117
3709,38.0161
3710,41.9478
3711,38.2499
3712,38.1132
3713,37.4554
3714,38.6318
3715,37.5828
3716,40.4824
3717,43.3327
3718,38.7729
3719,39.3179
3720,36.3522
3721,39.9193
3722,42.154
3723,40.2591
3724,41.2402
3725,39.8506
3726,43.9722
3727,39.4695
3728,40.0877
3729,42.6623
3730,41.8409
3731,39.8547
3732,42.6282
3733,40.9825
3734,40.1803
3735,36.5201
3736,40.8085
3737,40.532
3738,42.5773
3739,36.3802
3740,40.7821
3741,42.5263
3742,36.5999
3743,43.1808
3744,40.1892
3745,39.97
3746,40.1684
3747,40.4997
3748,40.6979
3749,38.8699
3750,39.1922
3751,40.0527
3752,39.6415
3753,38.983
3754,41.3793
3755,36.6064
3756,38.5685
3757,40.7008
3758,42.9112
3759,37.5532
3760,37.0453
3761,35.7149
3762,37.3612
3763,41.6155
3764,38.6664
3765,40.6972
3766,40.2637
3767,42.2626
3768,37.6282
3769,39.3429
3770,37.8509
3771,40.0219
3772,43.2014
3773,35.8881
3774,39.5432
3775,36.6877
3776,40.5607
3777,40.5865
3778,39.1868
3779,39.6991
3780,41.1087
3781,41.2918
3782,40.2927
3783,38.3225
3784,36.1405
3785,41.1978
3786,40.6385
3787,40.4066
3788,40.6618
3789,42.3007
3790,40.5481
3791,37.7506
3792,40.103
3793,38.2145
3794,39.162
3795,41.6521
3796,37.9243
3797,40.8192
3798,37.038
3799,39.7755
3800,39.308
3801,39.1284
3802,37.7975
3803,40.6924
3804,40.8202
3805,39.4516
3806,37.8974
3807,40.3505
3808,35.2825
3809,41.0253
3810,39.6939
3811,41.2691
3812,41.7895
3813,38.5491
3814,39.2594
3815,41.8876
3816,40.2631
3817,44.4342
3818,37.4903
3819,40.6751
3820,40.0659
3821,40.7725
3822,40.5993
3823,38.1761
3824,40.1675
3825,40.172
3826,38.7324
3827,40.8301
3828,40.1436
3829,40.6781
3830,39.4622
3831,41.3272
3832,40.9215
3833,42.0812
3834,40.714
3835,42.6155
3836,39.6024
3837,40.8609
3838,40.2355
3839,40.9359
3840,38.3875
3841,37.0397
3842,39.5111
3843,38.4783
3844,39.4671
3845,42.975
3846,40.0287
3847,40.851
3848,41.4271
3849,43.0251
3850,39.4901
3851,38.0941
3852,37.8903
3853,41.9774
3854,37.2344
3855,37.6427
3856,38.5458
3857,41.8485
3858,41.0689
3859,39.0583
3860,37.713
3861,42.3886
3862,38.2534
3863,41.6989
3864,38.9646
3865,41.9139
3866,38.1132
3867,38.925
3868,40.4978
3869,40.6663
3870,35.5591
3871,39.7243
3872,40.1527
3873,41.6848
3874,35.8752
3875,40.9492
3876,40.13
3877,39.6872
3878,44.0099
3879,39.8659
3880,40.5413
3881,40.5139
3882,39.3856
3883,37.7266
3884,36.8097
3885,38.5797
3886,41.7538
3887,35.56
3888,42.2008
3889,37.3519
3890,39.1543
3891,40.1032
3892,40.301
3893,41.8222
3894,41.3668
3895,37.2669
3896,38.2219
3897,39.4697
3898,39.8467
3899,40.4601
3900,42.5461
3901,40.0915
3902,39.0685
3903,42.5119
3904,37.5964
3905,38.6843
3906,43.172
3907,39.0856
3908,38.557
3909,39.1981
3910,39.8157
3911,38.5436
3912,36.0305
3913,37.622
3914,41.3918
3915,40.0872
3916,41.1084
3917,39.4074
3918,37.417
3919,39.4437
3920,36.3868
3921,42.037
3922,43.2799
3923,38.8604
3924,40.3348
3925,41.0013
3926,38.9835
3927,37.4427
3928,39.2788
3929,44.295
3930,42.4725
3931,38.8598
3932,40.7384
3933,41.3655
3934,37.8937
3935,37.9419
3936,37.7188
3937,39.47
3938,40.4622
3939,44.0378
3940,40.436
3941,39.1384
3942,38.7948
3943,41.1462
3944,42.7193
3945,43.4975
3946,40.5336
3947,40.5146
3948,38.9334
3949,40.7212
3950,39.282
3951,38.2056
3952,38.0128
3953,39.8489
3954,37.437
3955,34.7557
3956,39.2244
3957,39.389
3958,42.64
3959,39.1602
3960,39.6861
3961,39.0038
3962,41.8666
3963,40.4216
3964,41.0293
3965,40.759
3966,39.1874
3967,41.7803
3968,39.9193
3969,38.3134
3970,38.0646
3971,43.1824
3972,44.0751
3973,36.7652
3974,40.9369
3975,39.838
3976,41.8188
3977,39.9889
3978,37.6474
3979,38.9585
3980,38.706
3981,40.7208
3982,41.6869
3983,38.1324
3984,40.8097
3985,41.9012
3986,39.2427
3987,43.8148
3988,40.2539
3989,38.0037
3990,41.5201
3991,39.7874
3992,41.7037
3993,37.3443
3994,40.4765
3995,38.5328
3996,40.5457
3997,37.7986
3998,37.7839
3999,41.7812
4000,39.9352
4001,38.3966
4002,40.7351
4003,40.2963
4004,38.975
4005,39.6428
4006,37.9664
4007,38.1884
4008,39.5386
4009,39.8574
4010,40.5971
4011,36.0765
4012,37.8672
4013,37.977
4014,38.5255
4015,40.8295
4016,40.1156
4017,40.2747
4018,41.0626
4019,40.5891
4020,43.1549
4021,35.2143
4022,38.5551
4023,37.7119
4024,35.8228
4025,38.0183
4026,38.3823
4027,40.7223
4028,42.4648
4029,40.0766
4030,40.6833
4031,39.9017
4032,39.468
4033,44.5253
4034,39.2028
4035,41.6175
4036,41.1063
4037,41.4984
4038,41.181
4039,40.6727
4040,37.0181
4041,40.7664
4042,41.4691
4043,38.9627
4044,43.6105
4045,40.8253
4046,41.7052
4047,41.9636
4048,38.2363
4049,38.4481
4050,38.0183
4051,37.8196
4052,39.7063
4053,40.4997
4054,39.6196
4055,40.6934
4056,36.9582
4057,36.8963
4058,37.9356
4059,39.3514
4060,36.9087
4061,36.4705
4062,39.2173
4063,40.0828
4064,40.8118
4065,38.1033
4066,41.0641
4067,38.7129
4068,40.9092
4069,40.4522
4070,39.0845
4071,39.0189
4072,40.1134
4073,40.6473
4074,41.8482
4075,40.4048
4076,41.1018
4077,36.2325
4078,42.3898
4079,38.3464
4080,41.1278
4081,38.9632
4082,41.1296
4083,40.1726
4084,39.016
4085,38.1778
4086,39.6468
4087,37.9829
4088,40.3088
4089,38.1127
4090,38.1367
4091,41.3603
4092,36.785
4093,38.5037
4094,42.5632
4095,41.8964
4096,39.1021
4097,41.2051
4098,43.7787
4099,43.2464
4100,40.0545
4101,42.3922
4102,40.6574
4103,42.1812
4104,36.3053
4105,40.9577
4106,39.1128
4107,45.4063
4108,40.0559
4109,38.5191
4110,38.5454
4111,41.6249
4112,43.1153
4113,38.2332
4114,41.8296
4115,42.5531
4116,39.4108
4117,38.0545
4118,42.7517
4119,40.3828
4120,39.9384
4121,44.0466
4122,39.8065
4123,41.1315
4124,37.957
4125,40.7568
4126,37.4371
4127,40.7203
4128,41.0462
4129,39.2884
4130,40.2693
4131,42.2641
4132,41.3632
4133,39.6461
4134,38.5051
4135,39.4123
4136,45.4139
4137,39.5673
4138,42.0275
4139,41.2534
4140,43.4886
4141,39.1224
4142,38.9206
4143,39.3722
4144,38.8082
4145,38.8434
4146,37.7364
4147,38.5942
4148,40.2109
4149,41.2489
4150,43.954
4151,39.4152
4152,37.3049
4153,39.8187
4154,39.8626
4155,37.5617
4156,39.2904
4157,40.1953
4158,41.6152
4159,40.2556
4160,38.5039
4161,38.7093
4162,41.3522
4163,39.8835
4164,40.1233
4165,42.0831
4166,39.0713
4167,39.9878
4168,43.3843
4169,38.5289
4170,40.2142
4171,42.2657
4172,37.8496
4173,40.6291
4174,37.1906
4175,38.1049
4176,38.9486
4177,40.2956
4178,41.9237
4179,43.9222
4180,38.2225
4181,38.3147
4182,40.5228
4183,42.365
4184,39.9849
4185,41.1318
4186,40.1875
4187,38.7928
4188,40.5621
4189,41.6281
4190,42.423
4191,38.1574
4192,40.6687
4193,40.0932
4194,39.551
4195,40.8412
4196,38.6885
4197,41.2763
4198,41.7554
4199,39.6121
4200,36.4032
4201,41.2652
4202,40.2451
4203,37.0262
4204,42.9522
4205,40.756
4206,38.7368
4207,38.6265
4208,42.9795
4209,43.0641
4210,36.3923
4211,38.1659
4212,42.9444
4213,39.7461
4214,39.8392
4215,37.8676
4216,38.5847
4217,40.0911
4218,38.1807
4219,40.1871
4220,39.304
4221,41.5038
4222,39.8487
4223,39.2414
4224,39.5853
4225,39.6413
4226,40.0654
4227,42.3642
4228,41.6065
4229,41.6021
4230,39.1535
4231,42.5276
4232,39.0166
4233,43.3803
4234,38.7294
4235,40.6362
4236,37.9837
4237,42.7742
4238,38.5587
4239,34.508
4240,39.6304
4241,41.4948
4242,40.2978
4243,38.9961
4244,40.9792
4245,42.2486
4246,42.2475
4247,39.7877
4248,39.3823
4249,40.8596
4250,40.9007
4251,42.4958
4252,38.0711
4253,37.6057
4254,36.505
4255,41.2192
4256,39.7223
4257,40.7089
4258,42.3772
4259,42.7361
4260,42.2003
4261,40.6729
4262,38.8825
4263,39.5103
4264,40.8123
4265,41.0842
4266,38.9594
4267,40.3327
4268,36.8807
4269,39.9428
4270,37.3397
4271,39.6239
4272,36.5882
4273,43.6419
4274,35.7643
4275,40.7636
4276,41.465
4277,39.9548
4278,36.2091
4279,39.3612
4280,41.517
4281,40.4971
4282,39.1472
4283,41.0127
4284,38.0733
4285,36.958
4286,40.2786
4287,38.48
4288,36.0489
4289,41.6254
4290,37.7095
4291,43.6564
4292,37.0819
4293,37.7167
4294,39.3174
4295,40.6002
4296,41.183
4297,38.5527
4298,39.7627
4299,41.3359
4300,34.4449
4301,38.0163
4302,38.0376
4303,41.1647
4304,42.4001
4305,43.2153
4306,40.7566
4307,38.6371
4308,39.675
4309,39.4986
4310,37.4879
4311,41.8916
4312,38.1613
4313,40.1645
4314,42.7318
4315,37.4231
4316,40.9994
4317,39.8139
4318,40.1647
4319,41.0974
4320,37.1435
4321,37.7031
4322,41.1943
4323,42.043
4324,39.6119
4325,44.9617
4326,40.1668
4327,40.3195
4328,39.333
4329,40.6206
4330,39.4377
4331,41.0979
4332,38.4749
4333,41.6331
4334,38.81
4335,42.9097
4336,39.2335
4337,37.672
4338,42.2406
4339,37.5082
4340,38.9929
4341,41.2828
4342,40.8983
4343,38.7731
4344,42.2865
4345,43.4274
4346,44.2251
4347,40.109
4348,38.2582
4349,42.1304
4350,40.3215
4351,37.7181
4352,43.9316
4353,40.8402
4354,40.6934
4355,41.6851
4356,36.9405
4357,40.0064
4358,35.4705
4359,37.8216
4360,42.3881
4361,37.7624
4362,42.6545
4363,39.3387
4364,41.3795
4365,38.8271
4366,35.0009
4367,45.4337
4368,37.7189
4369,40.9162
4370,39.9782
4371,42.4596
4372,40.157
4373,47.0247
4374,39.0399
4375,43.4342
4376,38.8984
4377,39.6675
4378,39.9056
4379,39.2089
4380,43.1839
4381,39.7258
4382,40.1736
4383,41.8893
4384,38.9252
4385,39.1124
4386,40.6207
4387,39.9198
4388,39.1202
4389,39.0897
4390,43.6266
4391,37.328
4392,40.6222
4393,41.4992
4394,36.5997
4395,44.4296
4396,40.7788
4397,42.365
4398,39.4021
4399,41.3922
4400,37.0147
4401,41.0249
4402,40.6835
4403,37.467
4404,38.6678
4405,37.9379
4406,39.9463
4407,40.6129
4408,41.2891
4409,38.357
4410,41.4253
4411,37.6159
4412,37.0329
4413,36.5956
4414,39.1217
4415,38.4379
4416,37.7571
4417,42.0663
4418,38.9736
4419,39.1278
4420,41.0657
4421,41.2021
4422,41.8599
4423,39.0029
4424,41.5246
4425,38.1848
4426,41.7445
4427,43.3486
4428,39.3842
4429,42.873
4430,42.7767
4431,41.142
4432,38.6932
4433,39.635
4434,40.5322
4435,39.7603
4436,41.3796
4437,41.2588
4438,41.3461
4439,40.0245
4440,45.6744
4441,41.0129
4442,39.8369
4443,43.3259
4444,43.1657
4445,40.6729
4446,38.4565
4447,43.5193
4448,40.641
4449,38.6186
4450,39.1436
4451,42.4022
4452,42.2305
4453,42.4693
4454,38.0924
4455,38.9495
4456,41.0164
4457,41.3138
4458,35.2817
4459,41.989
4460,40.3922
4461,38.4581
4462,39.6359
4463,39.1688
4464,42.5701
4465,39.3389
4466,40.6411
4467,38.8325
4468,40.5148
4469,40.9345
4470,38.8577
4471,37.864
4472,39.7088
4473,40.2037
4474,41.223
4475,41.9387
4476,41.3425
4477,37.8014
4478,40.0264
4479,39.5311
4480,37.3865
4481,42.1684
4482,37.7122
4483,37.2904
4484,43.3528
4485,41.1217
4486,40.0359
4487,41.2813
4488,36.4268
4489,39.924
4490,39.7166
4491,41.7849
4492,40.5255
4493,40.5786
4494,44.0033
4495,38.533
4496,40.514
4497,38.9609
4498,39.2521
4499,42.6381
4500,39.1014
4501,40.0001
4502,40.1309
4503,41.9937
4504,43.8715
4505,40.8159
4506,39.045
4507,41.7697
4508,39.004
4509,34.9838
4510,36.9709
4511,40.4397
4512,40.611
4513,40.5092
4514,36.5067
4515,39.5258
4516,38.6291
4517,40.2166
4518,38.0818
4519,38.7534
4520,40.3935
4521,40.9078
4522,37.6665
4523,40.6248
4524,40.5694
4525,40.2947
4526,41.3691
4527,41.1828
4528,37.317
4529,38.981
4530,39.8837
4531,41.7931
4532,39.9533
4533,36.5769
4534,42.4869
4535,42.8132
4536,38.7916
4537,41.993
4538,40.1341
4539,44.0265
4540,42.6886
4541,41.6387
4542,40.0081
4543,33.7117
4544,44.6604
4545,43.0165
4546,39.9886
4547,42.5844
4548,39.0549
4549,43.0298
4550,38.4712
4551,44.1048
4552,41.3389
4553,41.1225
4554,42.437
4555,40.159
4556,39.7643
4557,42.237
4558,37.265
4559,38.7165
4560,38.9835
4561,39.9544
4562,35.8989
4563,38.9149
4564,38.6883
4565,40.139
4566,40.556
4567,41.6957
4568,40.5
4569,41.6747
4570,41.2813
4571,40.3358
4572,38.565
4573,40.8514
4574,39.7117
4575,36.4014
4576,43.3503
4577,41.7568
4578,41.7845
4579,38.5051
4580,40.6019
4581,38.7157
4582,45.7455
4583,42.0946
4584,34.7491
4585,37.2194
4586,41.6805
4587,40.5579
4588,40.5158
4589,40.6712
4590,40.4935
4591,37.4721
4592,40.9825
4593,38.377
4594,36.4681
4595,39.8969
4596,41.3547
4597,41.4455
4598,40.7801
4599,39.2389
4600,43.4985
4601,39.3038
4602,43.5293
4603,41.5288
4604,38.2702
4605,40.8804
4606,38.4279
4607,41.9961
4608,41.9173
4609,36.6924
4610,37.1446
4611,40.7682
4612,40.5547
4613,37.5514
4614,37.2752
4615,41.5563
4616,41.2979
4617,41.1616
4618,39.1878
4619,36.6061
4620,41.421
4621,39.155
4622,40.5645
4623,37.7139
4624,38.7998
4625,39.7833
4626,41.758
4627,40.4734
4628,38.8603
4629,37.305
4630,41.6242
4631,41.318
4632,40.0378
4633,41.6124
4634,41.082
4635,40.3017
4636,38.9303
4637,40.1657
4638,42.412
4639,39.5308
4640,39.9068
4641,38.8301
4642,41.8799
4643,42.46
4644,40.4949
4645,41.2316
4646,39.4116
4647,43.6757
4648,38.3082
4649,39.229
4650,38.716
4651,39.9552
4652,37.3899
4653,39.7029
4654,37.6477
4655,39.668
4656,39.5256
4657,41.3919
4658,39.463
4659,45.1003
4660,40.0872
4661,37.3245
4662,40.9811
4663,43.0998
4664,42.1078
4665,40.4493
4666,41.3238
4667,39.3909
4668,39.2171
4669,37.0925
4670,37.7313
4671,39.7499
4672,40.9498
4673,40.9505
4674,40.5494
4675,38.9485
4676,42.4154
4677,37.3242
4678,42.4988
4679,41.0585
4680,42.2378
4681,39.6528
4682,38.6314
4683,40.8929
4684,40.7859
4685,41.0668
4686,41.2776
4687,41.0208
4688,37.0524
4689,37.7108
4690,40.4577
4691,44.3546
4692,39.7901
4693,41.5687
4694,42.2187
4695,40.4235
4696,40.5868
4697,40.5939
4698,39.6123
4699,38.3065
4700,35.3136
4701,41.1358
4702,41.6036
4703,40.8212
4704,40.4919
4705,41.4297
4706,39.2376
4707,39.8347
4708,43.1091
4709,41.7947
4710,42.9126
4711,42.5541
4712,35.2777
4713,36.5223
4714,41.5491
4715,39.4708
4716,42.4016
4717,41.9798
4718,39.7628
4719,38.6855
4720,41.4179
4721,42.5326
4722,40.4816
4723,39.7556
4724,37.7603
4725,41.1359
4726,41.5608
4727,41.4102
4728,42.9336
4729,41.2562
4730,43.9324
4731,43.8262
4732,45.8531
4733,37.4026
4734,41.6367
4735,37.3365
4736,38.1665
4737,42.7329
4738,42.0788
4739,39.524
4740,40.193
4741,40.2176
4742,39.6491
4743,37.388
4744,37.0694
4745,38.2493
4746,39.8596
4747,38.7573
4748,42.0105
4749,40.3035
4750,40.5414
4751,43.6795
4752,39.6391
4753,38.1881
4754,40.4279
4755,38.9539
4756,42.403
4757,41.4028
4758,37.3207
4759,37.4418
4760,40.8261
4761,37.4202
4762,39.2281
4763,44.2931
4764,39.6427
4765,40.996
4766,34.6265
4767,38.79
4768,36.5331
4769,38.5972
4770,41.583
4771,40.1841
4772,40.9806
4773,42.413
4774,41.4326
4775,38.7541
4776,43.8461
4777,38.7225
4778,39.6605
4779,38.7701
4780,38.9229
4781,38.6115
4782,42.7838
4783,40.2818
4784,39.2301
4785,39.3062
4786,34.2512
4787,40.3965
4788,40.7582
4789,40.3707
4790,40.0259
4791,39.4963
4792,38.4058
4793,37.2349
4794,38.6372
4795,42.7175
4796,37.819
4797,38.2091
4798,41.0554
4799,42.0067
4800,41.1292
4801,39.4626
4802,38.5698
4803,40.0495
4804,39.5103
4805,39.5049
4806,42.2563
4807,38.9592
4808,39.4212
4809,40.0685
4810,38.5538
4811,38.7369
4812,41.9925
4813,41.3285
4814,40.2821
4815,39.9794
4816,40.8608
4817,36.3832
4818,39.4347
4819,41.8587
4820,38.3842
4821,40.528
4822,39.5638
4823,35.7206
4824,40.4066
4825,39.57
4826,38.0666
4827,42.7992
4828,38.2748
4829,35.8734
4830,37.233
4831,42.5715
4832,38.0758
4833,37.9396
4834,41.097
4835,40.0672
4836,41.0455
4837,42.1952
4838,39.6603
4839,42.0408
4840,38.7859
4841,36.773
4842,42.0991
4843,38.4966
4844,39.9244
4845,39.9265
4846,39.3261
4847,42.1964
4848,37.9456
4849,35.8948
4850,41.2111
4851,39.1191
4852,40.0491
4853,39.2607
4854,41.7775
4855,40.039
4856,40.2158
4857,41.6241
4858,39.4287
4859,42.6774
4860,40.8345
4861,44.8231
4862,39.8827
4863,38.2225
4864,42.2209
4865,43.6045
4866,41.4466
4867,39.0995
4868,40.0024
4869,43.0607
4870,41.0444
4871,36.279
4872,43.7439
4873,39.9275
4874,40.6608
4875,41.3976
4876,42.3135
4877,37.5773
4878,36.8158
4879,41.1045
4880,35.6911
4881,37.6067
4882,39.0831
4883,39.3104
4884,39.9345
4885,38.3841
4886,36.4952
4887,41.4358
4888,39.4596
4889,38.358
4890,40.9142
4891,41.3591
4892,38.2231
4893,37.2419
4894,44.3534
4895,39.3559
4896,42.9729
4897,40.3228
4898,38.5302
4899,40.2695
4900,42.5064
4901,37.977
4902,42.1129
4903,39.0678
4904,43.9161
4905,40.0535
4906,44.2194
4907,39.5043
4908,40.3325
4909,41.1235
4910,42.1892
4911,37.9265
4912,40.9823
4913,41.2025
4914,43.8238
4915,40.6246
4916,40.661
4917,38.3773
4918,41.0774
4919,39.0219
4920,41.4711
4921,42.1318
4922,41.5815
4923,38.9207
4924,41.7066
4925,39.6554
4926,40.9475
4927,39.5672
4928,38.7827
4929,42.6049
4930,38.6331
4931,39.5061
4932,40.8195
4933,41.4813
4934,39.9167
4935,37.1433
4936,41.9717
4937,41.9787
4938,37.0795
4939,41.0371
4940,40.5083
4941,40.8426
4942,42.218
4943,42.1396
4944,41.0637
4945,40.4855
4946,37.1656
4947,40.2836
4948,36.9059
4949,40.1658
4950,41.4848
4951,40.6419
4952,38.9096
4953,38.2679
4954,41.1899
4955,40.5453
4956,41.6755
4957,41.7268
4958,39.7366
4959,39
4960,40.3106
4961,35.7229
4962,40.167
4963,41.6988
4964,42.2677
4965,40.9949
4966,40.0019
4967,38.4514
4968,40.1015
4969,39.8199
4970,38.8074
4971,42.9974
4972,38.2587
4973,41.4194
4974,41.5465
4975,38.877
4976,38.1931
4977,40.7108
4978,39.8145
4979,42.059
4980,41.271
4981,41.5226
4982,39.9129
4983,40.5639
4984,39.901
4985,39.9699
4986,42.0546
4987,38.3233
4988,40.3403
4989,39.3542
4990,41.5023
4991,40.7362
4992,42.302
4993,37.7656
4994,40.694
4995,38.1009
4996,40.1398
4997,37.7104
4998,38.7683
4999,37.9696
5000,42.5021
5001,38.7988
5002,40.2678
5003,41.3581
5004,41.5147
5005,38.2722
5006,39.8215
5007,37.3412
5008,38.5252
5009,40.9304
5010,39.015
5011,41.1672
5012,39.9564
5013,35.4917
5014,38.7909
5015,39.7121
5016,39.8713
5017,41.8449
5018,39.3277
5019,40.8406
5020,36.7013
5021,39.7433
5022,41.7056
5023,39.8531
5024,35.0378
5025,43.0756
5026,39.8434
5027,41.8096
5028,40.9201
5029,42.345
5030,39.4232
5031,39.4286
5032,39.2465
5033,42.8897
5034,38.9953
5035,37.4962
5036,42.7572
5037,40.9758
5038,42.4742
5039,40.0724
5040,39.0038
5041,41.6087
5042,39.4639
5043,39.955
5044,36.9853
5045,38.1334
5046,39.6366
5047,41.618
5048,41.0652
5049,39.694
5050,38.4043
5051,36.2028
5052,40.4666
5053,41.8148
5054,39.2829
5055,41.2066
5056,38.999
5057,41.6742
5058,38.9355
5059,42.0364
5060,40.1386
5061,41.0349
5062,42.3191
5063,41.6202
5064,41.0981
5065,40.0087
5066,41.2762
5067,41.2067
5068,42.8578
5069,40.1505
5070,38.6969
5071,40.1548
5072,40.7741
5073,37.5647
5074,38.1563
5075,42.1074
5076,39.2327
5077,36.6826
5078,41.9386
5079,41.9334
5080,39.9159
5081,44.8989
5082,43.5633
5083,37.1414
5084,36.053
5085,37.1373
5086,40.9574
5087,38.9081
5088,36.4791
5089,38.2844
5090,44.857
5091,38.7768
5092,38.6612
5093,38.7426
5094,39.5068
5095,40.2586
5096,36.5337
5097,40.7492
5098,41.3854
5099,40.0304
5100,39.2822
5101,44.5299
5102,41.0145
5103,39.4376
5104,43.6513
5105,40.5992
5106,39.9388
5107,38.079
5108,40.2917
5109,36.7769
5110,35.9296
5111,39.5323
5112,37.6371
5113,43.7724
5114,41.403
5115,40.5269
5116,39.8048
5117,41.9517
5118,37.7019
5119,42.1117
5120,40.4531
5121,36.9452
5122,42.8257
5123,42.172
5124,40.6627
5125,38.5031
5126,42.0962
5127,43.4275
5128,41.5686
5129,38.2277
5130,40.1475
5131,39.0335
5132,38.1502
5133,41.7667
5134,43.7539
5135,38.6434
5136,41.9177
5137,40.7303
5138,39.7821
5139,40.7432
5140,40.1852
5141,37.7816
5142,39.6892
5143,39.6273
5144,41.4002
5145,40.0389
5146,39.5555
5147,37.2156
5148,41.6687
5149,38.6511
5150,40.8143
5151,40.1448
5152,40.0345
5153,39.498
5154,44.0651
5155,40.8941
5156,39.2561
5157,42.3918
5158,38.0844
5159,41.1972
5160,38.1372
5161,37.9723
5162,40.1597
5163,36.9446
5164,39.781
5165,42.0332
5166,38.5726
5167,35.9357
5168,44.4906
5169,38.3512
5170,38.8879
5171,38.6538
5172,38.0607
5173,37.8189
5174,36.4247
5175,39.097
5176,41.1041
5177,37.1181
5178,38.0628
5179,38.0466
5180,40.573
5181,40.5872
5182,41.8468
5183,38.5169
5184,40.0955
5185,38.8051
5186,40.6868
5187,37.3786
5188,41.2613
5189,36.8984
5190,38.3644
5191,37.9195
5192,42.0827
5193,41.6253
5194,37.7031
5195,37.7511
5196,35.8041
5197,37.8149
5198,40.2675
5199,42.9021
5200,39.5574
5201,42.3186
5202,38.8062
5203,36.0161
5204,40.3273
5205,44.2234
5206,37.8594
5207,39.0776
5208,38.821
5209,42.8436
5210,36.9328
5211,43.5179
5212,40.2281
5213,36.7064
5214,38.9706
5215,40.5083
5216,38.9626
5217,43.5678
5218,36.6684
5219,39.3717
5220,38.4099
5221,40.651
5222,41.1833
5223,44.7599
5224,40.6796
5225,41.8723
5226,39.4191
5227,36.0159
5228,39.5079
5229,38.3071
5230,42.8794
5231,42.681
5232,41.0502
5233,36.8709
5234,40.4754
5235,42.4969
5236,36.4542
5237,36.1607
5238,38.5402
5239,37.369
5240,36.8192
5241,38.633
5242,44.0594
5243,43.323
5244,39.4329
5245,40.0236
5246,36.8237
5247,40.9247
5248,35.6034
5249,40.6189
5250,42.9153
5251,39.632
5252,38.4422
5253,38.0524
5254,37.3799
5255,40.694
5256,38.0031
5257,42.0488
5258,39.6209
5259,35.9582
5260,43.2878
5261,41.2661
5262,39.1764
5263,39.5459
5264,37.7976
5265,41.9924
5266,41.4612
5267,38.2482
5268,39.531
5269,39.61
5270,41.8674
5271,40.7852
5272,39.7466
5273,37.95
5274,40.6746
5275,37.6011
5276,41.2817
5277,42.1021
5278,39.7441
5279,39.5495
5280,41.9147
5281,38.3925
5282,39.3937
5283,36.9226
5284,36.4658
5285,39.7381
5286,42.3025
5287,40.5749
5288,43.4747
5289,35.3609
5290,39.7795
5291,40.243
5292,36.3971
5293,40.3554
5294,37.9333
5295,42.6944
5296,37.2417
5297,41.9188
5298,36.191
5299,40.4732
5300,38.5862
5301,41.1318
5302,43.0326
5303,40.4815
5304,38.4807
5305,42.7008
5306,43.6546
5307,39.5532
5308,41.0201
5309,36.8894
5310,40.8222
5311,38.5524
5312,41.5196
5313,39.513
5314,37.7475
5315,40.0249
5316,38.7749
5317,39.0623
5318,36.5818
5319,41.0215
5320,37.9654
5321,39.6884
5322,37.2025
5323,37.9356
5324,39.2264
5325,40.5346
5326,38.568
5327,41.874
5328,35.5408
5329,38.3631
5330,43.0472
5331,41.6955
5332,37.4685
5333,42.7085
5334,39.4562
5335,41.128
5336,42.2667
5337,38.938
5338,36.7121
5339,40.3354
5340,41.8454
5341,39.9511
5342,38.4404
5343,42.5519
5344,35.897
5345,39.4401
5346,38.5649
5347,39.0786
5348,39.6433
5349,42.4407
5350,36.7749
5351,39.5066
5352,40.8935
5353,39.4422
5354,41.6847
5355,43.2679
5356,37.4777
5357,40.2316
5358,39.2538
5359,38.3133
5360,39.5396
5361,38.2725
5362,40.1162
5363,40.0271
5364,39.8715
5365,45.1397
5366,41.5976
5367,38.2984
5368,41.2289
5369,40.5442
5370,40.3139
5371,39.3924
5372,39.7733
5373,41.4486
5374,39.1748
5375,38.069
5376,42.8705
5377,42.4061
5378,39.3898
5379,42.4805
5380,39.6579
5381,40.14
5382,42.5743
5383,37.4777
5384,39.4254
5385,39.5784
5386,37.4344
5387,38.0776
5388,39.7731
5389,37.7596
5390,41.3037
5391,41.1922
5392,40.5515
5393,40.23
5394,35.8071
5395,40.9467
5396,39.3722
5397,40.6415
5398,37.3161
5399,41.4813
5400,37.6165
5401,36.7236
5402,40.2791
5403,39.2317
5404,39.4164
5405,41.0162
5406,40.6189
5407,44.6707
5408,40.1149
5409,38.6603
5410,41.4305
5411,40.6332
5412,39.0087
5413,43.5444
5414,39.5191
5415,40.2181
5416,41.4802
5417,39.3651
5418,35.7427
5419,41.2974
5420,41.6854
5421,41.8259
5422,39.7403
5423,41.2025
5424,42.5635
5425,40.693
5426,42.0787
5427,37.982
5428,38.3659
5429,39.5027
5430,43.398
5431,37.4446
5432,35.6455
5433,36.9327
5434,40.1838
5435,39.2745
5436,41.813
5437,42.0713
5438,38.5812
5439,38.8428
5440,37.0875
5441,44.171
5442,38.2611
5443,40.4002
5444,41.1964
5445,36.2227
5446,41.3077
5447,42.8919
5448,38.48
5449,41.0297
5450,42.1815
5451,40.8537
5452,40.5094
5453,38.5855
5454,42.6521
5455,40.9798
5456,38.2281
5457,42.4696
5458,38.7485
5459,41.3231
5460,39.0286
5461,36.5908
5462,37.6017
5463,38.1038
5464,38.8259
5465,39.7031
5466,39.2447
5467,37.6593
5468,39.4997
5469,39.7812
5470,37.5502
5471,41.0689
5472,39.4741
5473,39.0126
5474,39.8704
5475,42.2681
5476,35.2817
5477,42.4489
5478,39.4158
5479,39.3783
5480,40.8568
5481,38.1277
5482,40.6446
5483,36.9135
5484,39.4912
5485,36.386
5486,38.313
5487,39.9187
5488,43.9525
5489,41.0809
5490,37.3143
5491,38.2011
5492,36.6174
5493,40.4107
5494,40.3619
5495,41.2599
5496,37.5733
5497,38.5267
5498,39.9965
5499,42.5846
5500,44.4584
5501,38.3832
5502,36.3535
5503,38.7852
5504,42.6688
5505,41.1993
5506,37.9198
5507,38.5841
5508,43.7024
5509,39.7605
5510,42.0622
5511,38.1097
5512,38.9126
5513,40.4333
5514,36.7952
5515,39.8615
5516,40.726
5517,39.6353
5518,35.7675
5519,40.1722
5520,41.1643
5521,41.1632
5522,37.9538
5523,41.4125
5524,42.1214
5525,39.1668
5526,40.0454
5527,36.2693
5528,37.2247
5529,36.815
5530,36.3634
5531,41.9022
5532,38.2731
5533,37.6973
5534,40.9827
5535,40.0409
5536,39.101
5537,39.7738
5538,38.0682
5539,38.0232
5540,40.667
5541,43.8148
5542,40.497
5543,38.7065
5544,40.4585
5545,37.5719
5546,38.8561
5547,44.6788
5548,42.0961
5549,43.0287
5550,41.5625
5551,39.3189
5552,36.8507
5553,40.8709
5554,41.447
5555,42.2346
5556,39.109
5557,41.1014
5558,40.1434
5559,42.4197
5560,37.6108
5561,38.3109
5562,39.2834
5563,42.6002
5564,39.4699
5565,40.556
5566,42.7376
5567,41.1996
5568,42.8072
5569,41.8648
5570,38.8057
5571,42.7893
5572,41.8688
5573,42.1742
5574,43.9173
5575,40.963
5576,39.8443
5577,40.6788
5578,36.8587
5579,42.5139
5580,39.7316
5581,34.0443
5582,41.6435
5583,37.9128
5584,42.9867
5585,39.3283
5586,40.6316
5587,41.2224
5588,40.8127
5589,40.9306
5590,38.5319
5591,42.5954
5592,41.1879
5593,38.9274
5594,37.8976
5595,39.3362
5596,43.867
5597,40.0655
5598,39.0222
5599,41.9517
5600,37.0347
5601,40.4156
5602,36.2778
5603,39.5703
5604,38.6885
5605,41.0472
5606,36.693
5607,40.261
5608,38.1686
5609,44.583
5610,40.732
5611,40.1933
5612,40.8208
5613,39.9392
5614,41.9562
5615,41.8589
5616,41.4475
5617,40.3886
5618,39.2383
5619,40.2922
5620,42.6083
5621,40.3331
5622,40.1433
5623,37.7916
5624,44.5788
5625,39.8834
5626,40.2633
5627,34.4907
5628,38.9813
5629,39.5045
5630,41.0075
5631,41.6463
5632,38.5356
5633,39.7084
5634,36.8766
5635,41.5885
5636,39.1868
5637,41.3021
5638,41.6802
5639,43.2753
5640,40.6285
5641,38.1267
5642,37.9076
5643,42.0458
5644,37.4185
5645,42.0375
5646,40.3712
5647,37.7555
5648,37.124
5649,41.3207
5650,38.0727
5651,34.7645
5652,36.377
5653,40.5379
5654,41.1455
5655,39.0623
5656,37.4251
5657,37.479
5658,43.0612
5659,38.491
5660,36.0553
5661,40.1483
5662,40.4329
5663,40.5875
5664,42.6341
5665,38.2466
5666,44.0887
5667,37.1277
5668,33.9773
5669,39.9753
5670,37.9731
5671,38.8501
5672,38.3455
5673,38.6886
5674,41.6667
5675,41.4061
5676,41.1018
5677,40.7059
5678,40.1867
5679,41.2565
5680,42.9103
5681,37.0353
5682,39.885
5683,38.9996
5684,37.0101
5685,37.7831
5686,41.3814
5687,37.5695
5688,40.4785
5689,40.9685
5690,42.2662
5691,40.7312
5692,39.4907
5693,44.6629
5694,44.057
5695,40.017
5696,39.1923
5697,41.5623
5698,38.2189
5699,43.5631
5700,42.6671
5701,37.5794
5702,40.8335
5703,40.5686
5704,38.4534
5705,38.2252
5706,38.7913
5707,41.3525
5708,41.5659
5709,40.284
5710,37.5929
5711,42.5957
5712,37.8696
5713,40.1271
5714,42.2016
5715,39.0395
5716,42.5417
5717,40.5199
5718,37.3765
5719,38.7298
5720,43.4909
5721,38.2875
5722,41.1755
5723,41.6282
5724,39.0043
5725,39.6611
5726,39.2791
5727,38.4799
5728,36.6361
5729,40.5358
5730,38.82
5731,43.9218
5732,40.2186
5733,38.0377
5734,41.1629
5735,42.3784
5736,39.8749
5737,38.5737
5738,40.1526
5739,36.186
5740,38.9134
5741,39.4183
5742,45.198
5743,41.4876
5744,40.5555
5745,40.6994
5746,41.9824
5747,40.9868
5748,42.4943
5749,40.6268
5750,38.6448
5751,39.2418
5752,39.7546
5753,43.0984
5754,38.9515
5755,40.3636
5756,41.0921
5757,43.4153
5758,38.2562
5759,36.2525
5760,39.6349
5761,41.5522
5762,40.3526
5763,36.9604
5764,39.744
5765,41.621
5766,37.0261
5767,41.6093
5768,36.2368
5769,42.0657
5770,42.7537
5771,40.3075
5772,39.8379
5773,40.7449
5774,37.7821
5775,38.3659
5776,45.2671
5777,37.4637
5778,38.5425
5779,39.9953
5780,40.7081
5781,36.0986
5782,40.2039
5783,41.6419
5784,37.7526
5785,38.4812
5786,39.16
5787,40.7759
5788,37.1651
5789,42.9356
5790,40.959
5791,39.4576
5792,44.46
5793,39.5209
5794,37.1093
5795,41.1826
5796,39.3469
5797,38.9421
5798,42.3978
5799,40.9166
5800,40.4188
5801,41.9804
5802,41.6895
5803,37.8072
5804,42.055
5805,43.296
5806,37.2148
5807,42.3512
5808,39.0828
5809,38.2807
5810,38.4463
5811,39.1142
5812,42.3369
5813,40.4138
5814,40.9407
5815,38.7608
5816,40.5014
5817,42.3001
5818,41.0249
5819,38.2789
5820,39.2504
5821,40.742
5822,36.3862
5823,37.3907
5824,37.2229
5825,41.19
5826,42.5906
5827,43.3891
5828,37.158
5829,38.9721
5830,39.8993
5831,38.2943
5832,40.032
5833,40.3857
5834,41.4209
5835,37.135
5836,44.0012
5837,41.9721
5838,39.2737
5839,41.8778
5840,42.3238
5841,38.7351
5842,38.5982
5843,40.481
5844,38.7896
5845,38.3879
5846,41.3008
5847,42.7047
5848,34.7361
5849,40.776
5850,42.4101
5851,42.8022
5852,36.973
5853,36.2585
5854,40.1674
5855,37.1829
5856,38.5421
5857,42.9699
5858,41.2102
5859,39.2264
5860,36.2164
5861,42.2896
5862,39.225
5863,39.9743
5864,40.5202
5865,34.6859
5866,41.0243
5867,40.1529
5868,41.9608
5869,38.6278
5870,41.0454
5871,38.1545
5872,41.2861
5873,42.0107
5874,40.2018
5875,41.1968
5876,39.6878
5877,41.5972
5878,39.6552
5879,41.5416
5880,44.2549
5881,39.6405
5882,38.2582
5883,40.3617
5884,38.4131
5885,41.6176
5886,40.8524
5887,37.7803
5888,40.4009
5889,40.6549
5890,41.9903
5891,39.6979
5892,40.7432
5893,37.6809
5894,42.2231
5895,38.6746
5896,38.258
5897,40.1041
5898,38.6961
5899,36.6738
5900,44.2199
5901,42.8425
5902,39.9069
5903,37.4121
5904,39.9961
5905,43.154
5906,41.6002
5907,39.2128
5908,40.9078
5909,41.2451
5910,44.1392
5911,37.057
5912,42.0495
5913,37.1508
5914,39.1321
5915,38.3161
5916,38.23
5917,39.8909
5918,39.4314
5919,39.1363
5920,42.5988
5921,41.7788
5922,39.1653
5923,39.6879
5924,41.6285
5925,36.2589
5926,41.0663
5927,39.5168
5928,41.0782
5929,38.5969
5930,41.6806
5931,40.2621
5932,40.915
5933,42.1802
5934,42.8901
5935,39.6863
5936,38.5332
5937,37.7247
5938,45.171
5939,34.8588
5940,43.7105
5941,40.9291
5942,37.0016
5943,44.0369
5944,38.9775
5945,39.5434
5946,36.8048
5947,40.3183
5948,38.4432
5949,39.4176
5950,41.4054
5951,40.4413
5952,39.9025
5953,39.7796
5954,39.6353
5955,40.1171
5956,44.6072
5957,40.8938
5958,40.5997
5959,38.4082
5960,40.9755
5961,37.3679
5962,41.7598
5963,40.7963
5964,42.7728
5965,43.3897
5966,40.4716
5967,35.8481
5968,40.9954
5969,39.675
5970,38.4765
5971,44.6174
5972,41.2655
5973,38.9385
5974,42.1248
5975,39.1515
5976,38.0931
5977,38.0253
5978,41.0334
5979,38.4626
5980,43.3716
5981,38.7957
5982,36.1394
5983,42.1657
5984,40.7118
5985,41.0255
5986,41.0203
5987,40.6374
5988,38.8634
5989,38.4953
5990,38.6469
5991,34.5916
5992,39.6801
5993,41.0298
5994,41.3346
5995,41.0174
5996,38.362
5997,39.3499
5998,37.7273
5999,39.2568
6000,41.4949
6001,38.4114
6002,36.5166
6003,37.0949
6004,44.159
6005,36.8731
6006,38.5515
6007,42.1869
6008,41.3602
6009,42.436
6010,40.2154
6011,35.2792
6012,42.2397
6013,40.8256
6014,44.8334
6015,37.6906
6016,42.6102
6017,41.7425
6018,39.2535
6019,37.705
6020,41.3685
6021,38.545
6022,36.0588
6023,39.3569
6024,37.0844
6025,38.7896
6026,38.9018
6027,39.4161
6028,40.7153
6029,40.4123
6030,34.6292
6031,40.8715
6032,42.3614
6033,39.8869
6034,44.0396
6035,38.6211
6036,41.1071
6037,40.9999
6038,40.5472
6039,40.466
6040,36.8725
6041,39.9015
6042,36.5248
6043,40.2588
6044,37.6421
6045,40.374
6046,41.4395
6047,36.6286
6048,38.5535
6049,39.9761
6050,40.0546
6051,37.6347
6052,40.1601
6053,39.4976
6054,42.363
6055,40.003
6056,38.6479
6057,42.2359
6058,42.3883
6059,38.0256
6060,35.1937
6061,39.3883
6062,39.3017
6063,40.3822
6064,39.4437
6065,43.2
6066,37.9527
6067,41.7885
6068,39.4275
6069,40.6874
6070,41.8732
6071,38.8931
6072,40.7021
6073,39.5771
6074,38.2327
6075,42.9173
6076,41.0598
6077,40.2154
6078,40.3657
6079,40.9046
6080,38.8049
6081,38.1339
6082,41.4101
6083,39.1691
6084,38.6905
6085,43.0323
6086,41.0776
6087,40.857
6088,39.7435
6089,39.8156
6090,37.4843
6091,37.11
6092,41.9666
6093,37.7348
6094,42.7062
6095,41.3543
6096,41.1034
6097,40.0546
6098,41.6233
6099,41.664
6100,40.9546
6101,40.7405
6102,40.7092
6103,37.3397
6104,35.6925
6105,36.7216
6106,39.9492
6107,39.8199
6108,42.2483
6109,38.7759
6110,41.0213
6111,41.6941
6112,41.4331
6113,40.7874
6114,42.4485
6115,41.3442
6116,41.3449
6117,41.5953
6118,38.8922
6119,33.9671
6120,40.811
6121,40.3357
6122,38.5896
6123,37.9063
6124,39.0274
6125,42.1381
6126,41.3009
6127,42.721
6128,40.2914
6129,40.186
6130,40.6214
6131,40.4912
6132,41.7519
6133,40.8524
6134,39.8805
6135,40.8281
6136,40.3519
6137,39.6836
6138,38.6327
6139,40.3641
6140,39.0733
6141,38.998
6142,38.2621
6143,41.4261
6144,39.9553
6145,38.3323
6146,40.0252
6147,42.0897
6148,42.32
6149,41.1039
6150,38.729
6151,39.0809
6152,42.3214
6153,40.4686
6154,39.6466
6155,37.4464
6156,39.9711
6157,41.6221
6158,38.2128
6159,37.2732
6160,40.1464
6161,38.8012
6162,40.3144
6163,39.9664
6164,38.7031
6165,40.6637
6166,40.3619
6167,43.2788
6168,37.3585
6169,41.4797
6170,39.758
6171,40.2377
6172,40.7046
6173,39.8421
6174,41.5834
6175,36.368
6176,40.9784
6177,40.2375
6178,41.4008
6179,39.4393
6180,41.0003
6181,38.8479
6182,40.3804
6183,40.0537
6184,40.4412
6185,39.1876
6186,39.3671
6187,40.4549
6188,39.767
6189,43.3353
6190,40.0756
6191,40.6096
6192,39.197
6193,40.4222
6194,37.8146
6195,37.8882
6196,36.7884
6197,40.7086
6198,36.7779
6199,40.6283
6200,41.021
6201,38.8172
6202,38.1356
6203,40.8011
6204,40.2913
6205,39.9432
6206,39.8814
6207,40.0576
6208,43.6308
6209,42.9692
6210,39.8705
6211,39.6675
6212,41.5017
6213,42.4723
6214,39.045
6215,38.2824
6216,40.0117
6217,40.9578
6218,41.7095
6219,41.2837
6220,42.4278
6221,36.1141
6222,39.3429
6223,40.7805
6224,39.2871
6225,41.5311
6226,38.5895
6227,39.6486
6228,39.5795
6229,38.9973
6230,40.1759
6231,40.3259
6232,35.708
6233,40.0805
6234,40.2801
6235,40.4594
6236,37.9638
6237,36.4531
6238,42.8144
6239,37.2067
6240,43.0202
6241,40.6333
6242,41.7779
6243,40.4377
6244,41.4997
6245,38.7245
6246,39.4623
6247,40.5052
6248,39.3041
6249,41.2202
6250,42.978
6251,46.275
6252,41.4506
6253,40.7839
6254,40.338
6255,45.2553
6256,35.8607
6257,36.0522
6258,44.3943
6259,41.5054
6260,36.9026
6261,40.0459
6262,40.4262
6263,38.8952
6264,37.5393
6265,40.2575
6266,41.5623
6267,37.0948
6268,41.5174
6269,35.6429
6270,38.782
6271,38.4166
6272,39.2082
6273,41.7665
6274,45.3729
6275,41.2958
6276,41.4946
6277,39.0368
6278,37.7124
6279,42.2335
6280,39.1003
6281,41.9406
6282,35.8639
6283,38.1131
6284,39.9757
6285,39.039
6286,38.3586
6287,42.5423
6288,42.8219
6289,43.73
6290,41.6844
6291,40.4237
6292,39.0307
6293,38.9984
6294,39.5119
6295,38.0969
6296,41.887
6297,40.4273
6298,41.0187
6299,39.4842
6300,41.987
6301,39.1046
6302,41.8127
6303,39.8073
6304,39.2236
6305,38.977
6306,42.6693
6307,39.0035
6308,37.915
6309,40.1711
6310,40.8832
6311,40.6063
6312,40.692
6313,41.5154
6314,39.9118
6315,42.4116
6316,41.3487
6317,42.5936
6318,40.2572
6319,39.6862
6320,38.5852
6321,37.445
6322,39.5722
6323,37.2518
6324,38.9134
6325,42.7964
6326,39.1166
6327,41.7439
6328,40.9846
6329,45.6548
6330,39.6288
6331,38.9276
6332,36.7614
6333,36.1485
6334,37.1329
6335,42.2038
6336,37.6615
6337,40.3479
6338,39.7847
6339,37.9216
6340,39.3407
6341,38.3997
6342,39.8057
6343,40.6112
6344,39.8542
6345,38.1658
6346,40.9102
6347,38.7982
6348,34.108
6349,39.9045
6350,39.8401
6351,37.1718
6352,38.5437
6353,37.0879
6354,40.0181
6355,40.5287
6356,39.5101
6357,40.487
6358,41.2246
6359,43.059
6360,40.1884
6361,39.3809
6362,38.4292
6363,38.9923
6364,44.2638
6365,37.8368
6366,41.4958
6367,40.229
6368,38.6468
6369,40.8674
6370,41.4914
6371,39.4792
6372,40.8829
6373,42.0336
6374,37.8355
6375,39.616
6376,36.1458
6377,40.0234
6378,36.0229
6379,36.9152
6380,40.5426
6381,39.8918
6382,42.2609
6383,38.1081
6384,40.7273
6385,41.9893
6386,38.9051
6387,43.3579
6388,38.0408
6389,39.0521
6390,41.2806
6391,39.6855
6392,37.6461
6393,37.4344
6394,37.8409
6395,42.0322
6396,42.3565
6397,42.7845
6398,39.9004
6399,38.4972
6400,43.7581
6401,39.8782
6402,40.4055
6403,40.5817
6404,39.1658
6405,43.6448
6406,40.8184
6407,41.0799
6408,39.4714
6409,41.9436
6410,38.9378
6411,42.6357
6412,42.9872
6413,37.3484
6414,41.2902
6415,36.3819
6416,38.2147
6417,38.884
6418,41.5597
6419,38.5125
6420,38.3271
6421,40.0206
6422,42.8592
6423,40.3049
6424,42.3939
6425,40.3015
6426,38.1991
6427,38.618
6428,40.4849
6429,38.7779
6430,40.3211
6431,38.848
6432,39.6217
6433,40.872
6434,41.0325
6435,40.9095
6436,37.6526
6437,37.9053
6438,35.9359
6439,35.6499
6440,41.6473
6441,43.6891
6442,40.7951
6443,39.3653
6444,39.6759
6445,40.4094
6446,39.3955
6447,40.3755
6448,36.8412
6449,41.9594
6450,43.9872
6451,37.9524
6452,43.9724
6453,42.1557
6454,42.3101
6455,40.6565
6456,38.3661
6457,36.3006
6458,37.1275
6459,39.9481
6460,38.763
6461,39.8329
6462,37.7651
6463,37.5484
6464,38.4391
6465,44.4778
6466,37.4226
6467,41.6231
6468,40.0956
6469,40.8352
6470,40.9129
6471,38.3426
6472,40.2821
6473,40.3906
6474,36.4997
6475,40.2136
6476,38.4516
6477,37.9544
6478,43.3113
6479,38.2605
6480,42.4818
6481,36.8754
6482,41.8412
6483,38.0894
6484,38.7597
6485,38.4113
6486,38.3016
6487,40.3861
6488,40.631
6489,42.2123
6490,39.4995
6491,39.8519
6492,37.3424
6493,42.1674
6494,39.351
6495,36.7241
6496,37.514
6497,38.8233
6498,42.056
6499,45.6343
6500,38.1779
6501,39.4627
6502,43.8796
6503,39.3306
6504,39.7602
6505,44.171
6506,43.0878
6507,42.7685
6508,42.566
6509,36.8163
6510,42.4187
6511,36.0153
6512,37.2489
6513,42.7961
6514,37.0588
6515,41.1414
6516,41.6755
6517,36.6466
6518,38.2284
6519,38.6397
6520,38.5617
6521,39.0349
6522,38.8231
6523,37.6209
6524,40.9782
6525,39.4712
6526,40.552
6527,39.0348
6528,42.6729
6529,41.7464
6530,41.779
6531,42.4711
6532,39.2481
6533,43.123
6534,40.8838
6535,37.6945
6536,38.4999
6537,40.4401
6538,37.5222
6539,46.1178
6540,39.2125
6541,41.5226
6542,38.3258
6543,40.3186
6544,38.9579
6545,37.3802
6546,39.1054
6547,40.1824
6548,38.7457
6549,40.6243
6550,38.5544
6551,39.3923
6552,41.2171
6553,39.1906
6554,44.1789
6555,40.7722
6556,38.9456
6557,39.7883
6558,37.1198
6559,38.1326
6560,40.3417
6561,40.174
6562,37.3363
6563,40.5734
6564,42.0254
6565,39.0921
6566,38.335
6567,37.8738
6568,40.9715
6569,37.8519
6570,41.5231
6571,38.6315
6572,39.154
6573,41.0202
6574,42.7851
6575,41.4044
6576,40.5929
6577,38.7189
6578,39.5097
6579,40.6677
6580,39.5993
6581,42.3022
6582,40.284
6583,39.035
6584,36.0331
6585,38.8986
6586,39.401
6587,42.6426
6588,41.0759
6589,37.5159
6590,44.0459
6591,39.4397
6592,39.6155
6593,37.9135
6594,41.5459
6595,36.9478
6596,38.6346
6597,38.4038
6598,42.5637
