family,distribution,estimator,k,n_theory,n,median_tvd,q25_tvd,q75_tvd
discrete,binomial,pmf,21,9599,480,0.05748141606648759,0.04958968162536607,0.06848090489705416
discrete,binomial,pmf,21,9599,960,0.039625167846679826,0.03336944580078117,0.04833191235860204
discrete,binomial,pmf,21,9599,2400,0.025514539082845115,0.020348049799601187,0.03096015930175789
discrete,binomial,pmf,21,9599,4800,0.0175070444742838,0.015027545293172264,0.020888388951619465
discrete,binomial,pmf,21,9599,9599,0.01232995767371834,0.010512227800466577,0.014861865445516736
discrete,binomial,pmf,21,9599,19197,0.008709286354280926,0.007577491314540025,0.01005949683193627
discrete,binomial,pmf,21,9599,38393,0.006448752359764768,0.005400967499223263,0.007560161180173229
discrete,zipf,pmf,20,9199,460,0.05685939924256269,0.05028895149251363,0.06560176761328389
discrete,zipf,pmf,20,9199,920,0.0430710454533236,0.03592744299864958,0.04849117906055524
discrete,zipf,pmf,20,9199,2300,0.026798312134651905,0.02186592389661883,0.029679800723873127
discrete,zipf,pmf,20,9199,4599,0.01917822893025323,0.016343742348411065,0.02165570381790998
discrete,zipf,pmf,20,9199,9199,0.013159512867128766,0.01111560114422262,0.015418841169199648
discrete,zipf,pmf,20,9199,18397,0.009451598137656756,0.008174053386992754,0.010669785803684667
discrete,zipf,pmf,20,9199,36793,0.006567464863113502,0.0056656753279016505,0.0071716536142877405
discrete,piecewise,pmf,20,9199,460,0.07391304347826086,0.06532608695652174,0.08076086956521739
discrete,piecewise,pmf,20,9199,920,0.050652173913043476,0.045978260869565205,0.05804347826086957
discrete,piecewise,pmf,20,9199,2300,0.03347826086956521,0.028586956521739124,0.037826086956521746
discrete,piecewise,pmf,20,9199,4599,0.02400956729723854,0.021005653402913674,0.026623178951946082
discrete,piecewise,pmf,20,9199,9199,0.015756060441352325,0.013751494727687798,0.017847592129579315
discrete,piecewise,pmf,20,9199,18397,0.011430668043702793,0.010131679078110559,0.012874245800945807
discrete,piecewise,pmf,20,9199,36793,0.008145299377599006,0.006959611882695074,0.009118310548202105
continuous,normal,pmf,150,61199,500,0.04983927912794546,0.04700644588866859,0.05844705743228164
continuous,normal,pmf,150,61199,1000,0.035985837012369064,0.032494307017059534,0.04155925964011457
continuous,normal,pmf,150,61199,2000,0.026004264280514625,0.022675932015880078,0.031035317321841133
continuous,normal,pmf,150,61199,5000,0.016845551528928533,0.015278468557169142,0.020116586482703955
continuous,normal,pmf,150,61199,10000,0.011983279164518051,0.010021072201826894,0.013671314415487811
continuous,normal,pmf,150,61199,20000,0.008116629391166478,0.006821598727570817,0.009468937972676169
continuous,normal,pmf,150,61199,50000,0.004896262549545615,0.004373422559410418,0.006001531376511971
continuous,normal,pmf,150,61199,61199,0.004731723575551168,0.004081767114855654,0.005844043931291819
continuous,normal,kde,150,61199,500,0.038058518658006954,0.029684329828162465,0.04204699535676004
continuous,normal,kde,150,61199,1000,0.02614205856200479,0.02263464708486831,0.03103027073653878
continuous,normal,kde,150,61199,2000,0.02037646648796254,0.017189349518817114,0.024090590635807155
continuous,normal,kde,150,61199,5000,0.01493537061820167,0.013102716248730668,0.01714798601313381
continuous,normal,kde,150,61199,10000,0.011120870137009874,0.009112663688643613,0.012811856731148931
continuous,normal,kde,150,61199,20000,0.009093028402509487,0.006729693585628429,0.009477031358925865
continuous,normal,kde,150,61199,50000,0.0056679545926535254,0.00479886962392777,0.00660092657552599
continuous,normal,kde,150,61199,61199,0.006026284816062788,0.00498413963077906,0.006469062574514457
continuous,normal,gap,150,61199,500,0.02966495829131289,0.02443946159390553,0.0347601119972451
continuous,normal,gap,150,61199,1000,0.019626256130115014,0.01696396754440584,0.023792662213891525
continuous,normal,gap,150,61199,2000,0.012614729895657182,0.010372548158884904,0.014893136185530696
continuous,normal,gap,150,61199,5000,0.006294859084170784,0.005224515377711883,0.007478605766369113
continuous,normal,gap,150,61199,10000,0.004202313914846911,0.0035897820646657685,0.004743462709029571
continuous,normal,gap,150,61199,20000,0.00317708984167977,0.002875604559486715,0.0038853819165059387
continuous,normal,gap,150,61199,50000,0.0030380830221572947,0.002499634845553041,0.003538336594580496
continuous,normal,gap,150,61199,61199,0.003110118969534846,0.0025442054352282145,0.0037062961524507746
continuous,lognormal,pmf,150,61199,500,0.05507828140245107,0.04573716068080956,0.0632945267691032
continuous,lognormal,pmf,150,61199,1000,0.03923857413465401,0.03311197863257917,0.04252552404084933
continuous,lognormal,pmf,150,61199,2000,0.027850260014412945,0.024480518677594165,0.03179946729966695
continuous,lognormal,pmf,150,61199,5000,0.01727756630414716,0.015161018676789803,0.0205133698536676
continuous,lognormal,pmf,150,61199,10000,0.011641818313418078,0.010047150949609281,0.014247664470024691
continuous,lognormal,pmf,150,61199,20000,0.008077335819722954,0.007152115771638141,0.009122080669339427
continuous,lognormal,pmf,150,61199,50000,0.005629963193673751,0.005000287061980451,0.006470515375540665
continuous,lognormal,pmf,150,61199,61199,0.005172759547607586,0.004605022407990961,0.005763019985464005
continuous,lognormal,kde,150,61199,500,0.03923097171493836,0.034871783106083035,0.0426148670987347
continuous,lognormal,kde,150,61199,1000,0.028108027800962075,0.02292581700334246,0.03266515402382242
continuous,lognormal,kde,150,61199,2000,0.020853328060129066,0.017926728018147733,0.02557408246249642
continuous,lognormal,kde,150,61199,5000,0.015429177117502356,0.012939668400728062,0.018468338221142105
continuous,lognormal,kde,150,61199,10000,0.010813384361076315,0.009327059925135195,0.012785899391791759
continuous,lognormal,kde,150,61199,20000,0.008312211204584476,0.006961000925648667,0.009279848646475363
continuous,lognormal,kde,150,61199,50000,0.0060813750374731305,0.0051130202870955785,0.00684105508283543
continuous,lognormal,kde,150,61199,61199,0.005694400055664897,0.005128450411998507,0.006721892015023848
continuous,lognormal,gap,150,61199,500,0.034019101520656334,0.03024123408900336,0.04003346733651732
continuous,lognormal,gap,150,61199,1000,0.02210162348782277,0.01896126843756219,0.025750038947024878
continuous,lognormal,gap,150,61199,2000,0.014460000051010275,0.011840284787898604,0.017683078393356467
continuous,lognormal,gap,150,61199,5000,0.007676059779548744,0.006425842287912779,0.00834066699242231
continuous,lognormal,gap,150,61199,10000,0.004295011306705747,0.003979422578583779,0.00475214474302574
continuous,lognormal,gap,150,61199,20000,0.003134335380439832,0.002711009142559907,0.00354754764525139
continuous,lognormal,gap,150,61199,50000,0.0030385593139948992,0.0027641674108396332,0.003554274136299478
continuous,lognormal,gap,150,61199,61199,0.002951775065676595,0.0025307614311629416,0.0036719283949215443
continuous,weibull,pmf,150,61199,500,0.0875467806156017,0.0755187302005891,0.09430075810516861
continuous,weibull,pmf,150,61199,1000,0.06004105083016667,0.056554698305351585,0.06489290776339851
continuous,weibull,pmf,150,61199,2000,0.040966715183255224,0.03655746038690364,0.04575017326887434
continuous,weibull,pmf,150,61199,5000,0.02592534569980351,0.023083573160974098,0.02790783863571801
continuous,weibull,pmf,150,61199,10000,0.01861390376255006,0.015877851852843825,0.01975984583017101
continuous,weibull,pmf,150,61199,20000,0.012243143966728508,0.010670663332252608,0.014228063383458174
continuous,weibull,pmf,150,61199,50000,0.007832242370819725,0.006949713976859938,0.008811266382135318
continuous,weibull,pmf,150,61199,61199,0.0072744059735208476,0.006702409112052115,0.007754652706744001
continuous,weibull,kde,150,61199,500,0.04212998406032293,0.03193443434684304,0.04790575046230064
continuous,weibull,kde,150,61199,1000,0.02837197322173561,0.023114155025154938,0.035338498565370205
continuous,weibull,kde,150,61199,2000,0.02246033700242233,0.020093713959280727,0.027148173328295826
continuous,weibull,kde,150,61199,5000,0.015184660671898994,0.012467674212844945,0.01847065843683183
continuous,weibull,kde,150,61199,10000,0.011682455598698105,0.010360916469003442,0.013384891478694929
continuous,weibull,kde,150,61199,20000,0.008633523850706627,0.007517474929988844,0.009872927222259444
continuous,weibull,kde,150,61199,50000,0.005885963987731955,0.005038371845741862,0.00669017707158082
continuous,weibull,kde,150,61199,61199,0.005773424002560785,0.00506168972145502,0.006460183274285737
continuous,weibull,gap,150,61199,500,0.07035398990264544,0.0647018931915113,0.08140535595496803
continuous,weibull,gap,150,61199,1000,0.04717724869812505,0.04216436995317731,0.05271800088879926
continuous,weibull,gap,150,61199,2000,0.03266169830687651,0.030410363997430575,0.03813373316230983
continuous,weibull,gap,150,61199,5000,0.0195285673238203,0.018133098813198918,0.022153811217069823
continuous,weibull,gap,150,61199,10000,0.013193434799074087,0.011840086093309672,0.015575485531990521
continuous,weibull,gap,150,61199,20000,0.008295586937067854,0.007582686753705356,0.009695906268187199
continuous,weibull,gap,150,61199,50000,0.004502370692699707,0.004224460638500916,0.005199920678887927
continuous,weibull,gap,150,61199,61199,0.003920878802180328,0.0035797685872203363,0.00439694023157625
