dist,batch_size,theta,theta_label,n_theory,median_n_stop,mean_n_stop,q25_n_stop,q75_n_stop,correctness,efficiency,cap_rate
binomial,100,0.0083,δ/6,9599,1300.0000,1311.0000,1200.0000,1425.0000,0.9300,7.3838,0.0000
binomial,100,0.0100,δ/5,9599,1200.0000,1190.0000,1000.0000,1300.0000,0.9100,7.9992,0.0000
binomial,100,0.0125,δ/4,9599,1000.0000,976.0000,875.0000,1100.0000,0.7300,9.5990,0.0000
binomial,100,0.0167,δ/3,9599,800.0000,785.0000,700.0000,900.0000,0.6000,11.9987,0.0000
binomial,100,0.0250,δ/2,9599,600.0000,560.0000,500.0000,600.0000,0.3800,15.9983,0.0000
binomial,100,0.0500,δ,9599,300.0000,347.0000,300.0000,400.0000,0.1300,31.9967,0.0000
binomial,200,0.0083,δ/6,9599,2200.0000,2078.0000,1800.0000,2250.0000,1.0000,4.3632,0.0000
binomial,200,0.0100,δ/5,9599,1800.0000,1752.0000,1600.0000,2000.0000,0.9800,5.3328,0.0000
binomial,200,0.0125,δ/4,9599,1400.0000,1456.0000,1400.0000,1600.0000,0.9300,6.8564,0.0000
binomial,200,0.0167,δ/3,9599,1200.0000,1190.0000,1000.0000,1250.0000,0.8500,7.9992,0.0000
binomial,200,0.0250,δ/2,9599,800.0000,878.0000,800.0000,1000.0000,0.7000,11.9987,0.0000
binomial,200,0.0500,δ,9599,600.0000,570.0000,600.0000,600.0000,0.3900,15.9983,0.0000
binomial,300,0.0083,δ/6,9599,2700.0000,2661.0000,2400.0000,3000.0000,1.0000,3.5552,0.0000
binomial,300,0.0100,δ/5,9599,2250.0000,2271.0000,2100.0000,2400.0000,1.0000,4.2662,0.0000
binomial,300,0.0125,δ/4,9599,1800.0000,1887.0000,1800.0000,2100.0000,1.0000,5.3328,0.0000
binomial,300,0.0167,δ/3,9599,1500.0000,1509.0000,1425.0000,1800.0000,0.9800,6.3993,0.0000
binomial,300,0.0250,δ/2,9599,1200.0000,1143.0000,900.0000,1200.0000,0.8800,7.9992,0.0000
binomial,300,0.0500,δ,9599,600.0000,741.0000,600.0000,900.0000,0.6000,15.9983,0.0000
binomial,500,0.0083,δ/6,9599,3500.0000,3560.0000,3000.0000,4000.0000,1.0000,2.7426,0.0000
binomial,500,0.0100,δ/5,9599,3000.0000,3095.0000,3000.0000,3500.0000,1.0000,3.1997,0.0000
binomial,500,0.0125,δ/4,9599,2500.0000,2660.0000,2500.0000,3000.0000,1.0000,3.8396,0.0000
binomial,500,0.0167,δ/3,9599,2000.0000,2105.0000,2000.0000,2500.0000,1.0000,4.7995,0.0000
binomial,500,0.0250,δ/2,9599,1500.0000,1625.0000,1500.0000,2000.0000,0.9600,6.3993,0.0000
binomial,500,0.0500,δ,9599,1000.0000,1075.0000,1000.0000,1000.0000,0.8200,9.5990,0.0000
binomial,750,0.0083,δ/6,9599,4500.0000,4642.5000,4500.0000,5250.0000,1.0000,2.1331,0.0000
binomial,750,0.0100,δ/5,9599,3750.0000,3997.5000,3750.0000,4500.0000,1.0000,2.5597,0.0000
binomial,750,0.0125,δ/4,9599,3000.0000,3382.5000,3000.0000,3750.0000,1.0000,3.1997,0.0000
binomial,750,0.0167,δ/3,9599,3000.0000,2835.0000,2250.0000,3000.0000,1.0000,3.1997,0.0000
binomial,750,0.0250,δ/2,9599,2250.0000,2190.0000,2250.0000,2250.0000,0.9900,4.2662,0.0000
binomial,750,0.0500,δ,9599,1500.0000,1507.5000,1500.0000,1500.0000,0.9800,6.3993,0.0000
binomial,1000,0.0083,δ/6,9599,6000.0000,5620.0000,5000.0000,6000.0000,1.0000,1.5998,0.0000
binomial,1000,0.0100,δ/5,9599,5000.0000,5010.0000,4000.0000,6000.0000,1.0000,1.9198,0.0000
binomial,1000,0.0125,δ/4,9599,4000.0000,4190.0000,4000.0000,5000.0000,1.0000,2.3998,0.0000
binomial,1000,0.0167,δ/3,9599,3000.0000,3380.0000,3000.0000,4000.0000,1.0000,3.1997,0.0000
binomial,1000,0.0250,δ/2,9599,3000.0000,2660.0000,2000.0000,3000.0000,1.0000,3.1997,0.0000
binomial,1000,0.0500,δ,9599,2000.0000,2010.0000,2000.0000,2000.0000,1.0000,4.7995,0.0000
binomial,1500,0.0083,δ/6,9599,7500.0000,7350.0000,6000.0000,7500.0000,1.0000,1.2799,0.0000
binomial,1500,0.0100,δ/5,9599,6000.0000,6300.0000,6000.0000,7500.0000,1.0000,1.5998,0.0000
binomial,1500,0.0125,δ/4,9599,6000.0000,5445.0000,4500.0000,6000.0000,1.0000,1.5998,0.0000
binomial,1500,0.0167,δ/3,9599,4500.0000,4530.0000,4500.0000,4500.0000,1.0000,2.1331,0.0000
binomial,1500,0.0250,δ/2,9599,3000.0000,3480.0000,3000.0000,4500.0000,1.0000,3.1997,0.0000
binomial,1500,0.0500,δ,9599,3000.0000,3000.0000,3000.0000,3000.0000,1.0000,3.1997,0.0000
binomial,2000,0.0083,δ/6,9599,8000.0000,8680.0000,8000.0000,10000.0000,1.0000,1.1999,0.0000
binomial,2000,0.0100,δ/5,9599,8000.0000,7840.0000,8000.0000,8000.0000,1.0000,1.1999,0.0000
binomial,2000,0.0125,δ/4,9599,6000.0000,6580.0000,6000.0000,8000.0000,1.0000,1.5998,0.0000
binomial,2000,0.0167,δ/3,9599,6000.0000,5540.0000,5500.0000,6000.0000,1.0000,1.5998,0.0000
binomial,2000,0.0250,δ/2,9599,4000.0000,4240.0000,4000.0000,4000.0000,1.0000,2.3998,0.0000
binomial,2000,0.0500,δ,9599,4000.0000,4000.0000,4000.0000,4000.0000,1.0000,2.3998,0.0000
piecewise,100,0.0083,δ/6,9199,1700.0000,1743.0000,1600.0000,1900.0000,0.9500,5.4112,0.0000
piecewise,100,0.0100,δ/5,9199,1500.0000,1489.0000,1400.0000,1600.0000,0.8300,6.1327,0.0000
piecewise,100,0.0125,δ/4,9199,1300.0000,1254.0000,1100.0000,1400.0000,0.7300,7.0762,0.0000
piecewise,100,0.0167,δ/3,9199,1000.0000,1007.0000,900.0000,1100.0000,0.4800,9.1990,0.0000
piecewise,100,0.0250,δ/2,9199,700.0000,710.0000,675.0000,800.0000,0.1900,13.1414,0.0000
piecewise,100,0.0500,δ,9199,400.0000,414.0000,400.0000,400.0000,0.0200,22.9975,0.0000
piecewise,200,0.0083,δ/6,9199,2600.0000,2654.0000,2400.0000,2800.0000,1.0000,3.5381,0.0000
piecewise,200,0.0100,δ/5,9199,2200.0000,2278.0000,2150.0000,2400.0000,1.0000,4.1814,0.0000
piecewise,200,0.0125,δ/4,9199,1800.0000,1874.0000,1800.0000,2000.0000,0.9500,5.1106,0.0000
piecewise,200,0.0167,δ/3,9199,1400.0000,1482.0000,1400.0000,1600.0000,0.8500,6.5707,0.0000
piecewise,200,0.0250,δ/2,9199,1000.0000,1066.0000,1000.0000,1200.0000,0.5700,9.1990,0.0000
piecewise,200,0.0500,δ,9199,600.0000,666.0000,600.0000,800.0000,0.1300,15.3317,0.0000
piecewise,300,0.0083,δ/6,9199,3300.0000,3318.0000,3000.0000,3600.0000,1.0000,2.7876,0.0000
piecewise,300,0.0100,δ/5,9199,3000.0000,2883.0000,2700.0000,3000.0000,1.0000,3.0663,0.0000
piecewise,300,0.0125,δ/4,9199,2400.0000,2433.0000,2100.0000,2700.0000,0.9800,3.8329,0.0000
piecewise,300,0.0167,δ/3,9199,1800.0000,1866.0000,1800.0000,2100.0000,0.9300,5.1106,0.0000
piecewise,300,0.0250,δ/2,9199,1500.0000,1389.0000,1200.0000,1500.0000,0.7600,6.1327,0.0000
piecewise,300,0.0500,δ,9199,900.0000,861.0000,900.0000,900.0000,0.4000,10.2211,0.0000
piecewise,500,0.0083,δ/6,9199,4500.0000,4545.0000,4375.0000,5000.0000,1.0000,2.0442,0.0000
piecewise,500,0.0100,δ/5,9199,4000.0000,3905.0000,3500.0000,4500.0000,1.0000,2.2997,0.0000
piecewise,500,0.0125,δ/4,9199,3000.0000,3240.0000,3000.0000,3500.0000,1.0000,3.0663,0.0000
piecewise,500,0.0167,δ/3,9199,2500.0000,2560.0000,2500.0000,3000.0000,0.9900,3.6796,0.0000
piecewise,500,0.0250,δ/2,9199,2000.0000,1940.0000,2000.0000,2000.0000,0.9600,4.5995,0.0000
piecewise,500,0.0500,δ,9199,1500.0000,1270.0000,1000.0000,1500.0000,0.6900,6.1327,0.0000
piecewise,750,0.0083,δ/6,9199,6000.0000,5707.5000,5250.0000,6000.0000,1.0000,1.5332,0.0000
piecewise,750,0.0100,δ/5,9199,5250.0000,4942.5000,4500.0000,5250.0000,1.0000,1.7522,0.0000
piecewise,750,0.0125,δ/4,9199,4500.0000,4252.5000,3750.0000,4500.0000,1.0000,2.0442,0.0000
piecewise,750,0.0167,δ/3,9199,3750.0000,3382.5000,3000.0000,3750.0000,1.0000,2.4531,0.0000
piecewise,750,0.0250,δ/2,9199,2250.0000,2512.5000,2250.0000,3000.0000,1.0000,4.0884,0.0000
piecewise,750,0.0500,δ,9199,1500.0000,1545.0000,1500.0000,1500.0000,0.8500,6.1327,0.0000
piecewise,1000,0.0083,δ/6,9199,7000.0000,6920.0000,6000.0000,7000.0000,1.0000,1.3141,0.0000
piecewise,1000,0.0100,δ/5,9199,6000.0000,5870.0000,5000.0000,6000.0000,1.0000,1.5332,0.0000
piecewise,1000,0.0125,δ/4,9199,5000.0000,5030.0000,5000.0000,5000.0000,1.0000,1.8398,0.0000
piecewise,1000,0.0167,δ/3,9199,4000.0000,4090.0000,4000.0000,4000.0000,1.0000,2.2997,0.0000
piecewise,1000,0.0250,δ/2,9199,3000.0000,3120.0000,3000.0000,3000.0000,1.0000,3.0663,0.0000
piecewise,1000,0.0500,δ,9199,2000.0000,2020.0000,2000.0000,2000.0000,0.9900,4.5995,0.0000
piecewise,1500,0.0083,δ/6,9199,9000.0000,9045.0000,9000.0000,9000.0000,1.0000,1.0221,0.0000
piecewise,1500,0.0100,δ/5,9199,7500.0000,7635.0000,7500.0000,9000.0000,1.0000,1.2265,0.0000
piecewise,1500,0.0125,δ/4,9199,6000.0000,6585.0000,6000.0000,7500.0000,1.0000,1.5332,0.0000
piecewise,1500,0.0167,δ/3,9199,6000.0000,5460.0000,4500.0000,6000.0000,1.0000,1.5332,0.0000
piecewise,1500,0.0250,δ/2,9199,4500.0000,4020.0000,3000.0000,4500.0000,1.0000,2.0442,0.0000
piecewise,1500,0.0500,δ,9199,3000.0000,3000.0000,3000.0000,3000.0000,1.0000,3.0663,0.0000
piecewise,2000,0.0083,δ/6,9199,10000.0000,10480.0000,10000.0000,12000.0000,1.0000,0.9199,0.0000
piecewise,2000,0.0100,δ/5,9199,10000.0000,9200.0000,8000.0000,10000.0000,1.0000,0.9199,0.0000
piecewise,2000,0.0125,δ/4,9199,8000.0000,7860.0000,8000.0000,8000.0000,1.0000,1.1499,0.0000
piecewise,2000,0.0167,δ/3,9199,6000.0000,6440.0000,6000.0000,6000.0000,1.0000,1.5332,0.0000
piecewise,2000,0.0250,δ/2,9199,4000.0000,4940.0000,4000.0000,6000.0000,1.0000,2.2997,0.0000
piecewise,2000,0.0500,δ,9199,4000.0000,4000.0000,4000.0000,4000.0000,1.0000,2.2997,0.0000
zipf,100,0.0083,δ/6,9199,1400.0000,1378.0000,1300.0000,1500.0000,0.9500,6.5707,0.0000
zipf,100,0.0100,δ/5,9199,1200.0000,1203.0000,1100.0000,1300.0000,0.9300,7.6658,0.0000
zipf,100,0.0125,δ/4,9199,1000.0000,1003.0000,900.0000,1100.0000,0.8300,9.1990,0.0000
zipf,100,0.0167,δ/3,9199,800.0000,786.0000,700.0000,800.0000,0.6700,11.4987,0.0000
zipf,100,0.0250,δ/2,9199,600.0000,592.0000,500.0000,700.0000,0.4600,15.3317,0.0000
zipf,100,0.0500,δ,9199,400.0000,357.0000,300.0000,400.0000,0.1200,22.9975,0.0000
zipf,200,0.0083,δ/6,9199,2200.0000,2104.0000,2000.0000,2200.0000,1.0000,4.1814,0.0000
zipf,200,0.0100,δ/5,9199,1800.0000,1838.0000,1600.0000,2000.0000,1.0000,5.1106,0.0000
zipf,200,0.0125,δ/4,9199,1500.0000,1506.0000,1400.0000,1600.0000,0.9700,6.1327,0.0000
zipf,200,0.0167,δ/3,9199,1200.0000,1236.0000,1200.0000,1400.0000,0.9500,7.6658,0.0000
zipf,200,0.0250,δ/2,9199,800.0000,888.0000,800.0000,1000.0000,0.7600,11.4987,0.0000
zipf,200,0.0500,δ,9199,600.0000,564.0000,600.0000,600.0000,0.4000,15.3317,0.0000
zipf,300,0.0083,δ/6,9199,2700.0000,2688.0000,2400.0000,3000.0000,1.0000,3.4070,0.0000
zipf,300,0.0100,δ/5,9199,2400.0000,2337.0000,2100.0000,2700.0000,1.0000,3.8329,0.0000
zipf,300,0.0125,δ/4,9199,1800.0000,1932.0000,1800.0000,2100.0000,1.0000,5.1106,0.0000
zipf,300,0.0167,δ/3,9199,1500.0000,1551.0000,1500.0000,1800.0000,0.9900,6.1327,0.0000
zipf,300,0.0250,δ/2,9199,1200.0000,1158.0000,1200.0000,1200.0000,0.8700,7.6658,0.0000
zipf,300,0.0500,δ,9199,600.0000,741.0000,600.0000,900.0000,0.6200,15.3317,0.0000
zipf,500,0.0083,δ/6,9199,3500.0000,3625.0000,3000.0000,4000.0000,1.0000,2.6283,0.0000
zipf,500,0.0100,δ/5,9199,3000.0000,3115.0000,3000.0000,3500.0000,1.0000,3.0663,0.0000
zipf,500,0.0125,δ/4,9199,2500.0000,2675.0000,2500.0000,3000.0000,1.0000,3.6796,0.0000
zipf,500,0.0167,δ/3,9199,2000.0000,2155.0000,2000.0000,2500.0000,1.0000,4.5995,0.0000
zipf,500,0.0250,δ/2,9199,1500.0000,1630.0000,1500.0000,2000.0000,0.9900,6.1327,0.0000
zipf,500,0.0500,δ,9199,1000.0000,1055.0000,1000.0000,1000.0000,0.8700,9.1990,0.0000
zipf,750,0.0083,δ/6,9199,4500.0000,4807.5000,4500.0000,5250.0000,1.0000,2.0442,0.0000
zipf,750,0.0100,δ/5,9199,4500.0000,4162.5000,3750.0000,4500.0000,1.0000,2.0442,0.0000
zipf,750,0.0125,δ/4,9199,3750.0000,3480.0000,3000.0000,3750.0000,1.0000,2.4531,0.0000
zipf,750,0.0167,δ/3,9199,3000.0000,2797.5000,2250.0000,3000.0000,1.0000,3.0663,0.0000
zipf,750,0.0250,δ/2,9199,2250.0000,2212.5000,2250.0000,2250.0000,1.0000,4.0884,0.0000
zipf,750,0.0500,δ,9199,1500.0000,1515.0000,1500.0000,1500.0000,0.9900,6.1327,0.0000
zipf,1000,0.0083,δ/6,9199,6000.0000,5660.0000,5000.0000,6000.0000,1.0000,1.5332,0.0000
zipf,1000,0.0100,δ/5,9199,5000.0000,4970.0000,5000.0000,5000.0000,1.0000,1.8398,0.0000
zipf,1000,0.0125,δ/4,9199,4000.0000,4250.0000,4000.0000,5000.0000,1.0000,2.2997,0.0000
zipf,1000,0.0167,δ/3,9199,3000.0000,3450.0000,3000.0000,4000.0000,1.0000,3.0663,0.0000
zipf,1000,0.0250,δ/2,9199,3000.0000,2710.0000,2000.0000,3000.0000,1.0000,3.0663,0.0000
zipf,1000,0.0500,δ,9199,2000.0000,2000.0000,2000.0000,2000.0000,1.0000,4.5995,0.0000
zipf,1500,0.0083,δ/6,9199,7500.0000,7275.0000,6000.0000,7500.0000,1.0000,1.2265,0.0000
zipf,1500,0.0100,δ/5,9199,6000.0000,6315.0000,6000.0000,7500.0000,1.0000,1.5332,0.0000
zipf,1500,0.0125,δ/4,9199,6000.0000,5430.0000,4500.0000,6000.0000,1.0000,1.5332,0.0000
zipf,1500,0.0167,δ/3,9199,4500.0000,4710.0000,4500.0000,4500.0000,1.0000,2.0442,0.0000
zipf,1500,0.0250,δ/2,9199,3000.0000,3375.0000,3000.0000,3375.0000,1.0000,3.0663,0.0000
zipf,1500,0.0500,δ,9199,3000.0000,3000.0000,3000.0000,3000.0000,1.0000,3.0663,0.0000
zipf,2000,0.0083,δ/6,9199,8000.0000,8680.0000,8000.0000,10000.0000,1.0000,1.1499,0.0000
zipf,2000,0.0100,δ/5,9199,8000.0000,7700.0000,6000.0000,8000.0000,1.0000,1.1499,0.0000
zipf,2000,0.0125,δ/4,9199,6000.0000,6680.0000,6000.0000,8000.0000,1.0000,1.5332,0.0000
zipf,2000,0.0167,δ/3,9199,6000.0000,5660.0000,6000.0000,6000.0000,1.0000,1.5332,0.0000
zipf,2000,0.0250,δ/2,9199,4000.0000,4300.0000,4000.0000,4000.0000,1.0000,2.2997,0.0000
zipf,2000,0.0500,δ,9199,4000.0000,4000.0000,4000.0000,4000.0000,1.0000,2.2997,0.0000
